image_id,dice_resunet_42,iou_resunet_42,dice_resunet_43,iou_resunet_43,dice_resunet_44,iou_resunet_44,dice_siglip_42,iou_siglip_42,dice_siglip_43,iou_siglip_43,dice_siglip_44,iou_siglip_44,dice_resunet_mean,dice_siglip_mean,iou_resunet_mean,iou_siglip_mean,dice_difference,iou_difference
cju0s690hkp960855tjuaqvv0,0.9406569004058838,0.8879624605178833,0.97091543674469,0.9434748888015748,0.9495387673377992,0.903925597667694,0.9668105840682985,0.9357534646987916,0.9373375177383424,0.8820650577545166,0.9614555239677428,0.9257721304893494,0.9537037014961243,0.9552012085914612,0.9117876489957174,0.9145302176475525,0.001497507095336914,0.0027425686518350867
cju0sr5ghl0nd08789uzf1raf,0.9257737994194032,0.861805260181427,0.8551307916641235,0.7469244003295898,0.874435305595398,0.7768858671188354,0.9559618830680848,0.9156388640403748,0.7025911211967468,0.5415341258049011,0.959896981716156,0.9228864312171936,0.8851132988929749,0.8728166619936625,0.7952051758766174,0.7933531403541565,-0.012296636899312374,-0.0018520355224609375
cju0sxqiclckk08551ycbwhno,0.8046122193336487,0.6730971932411194,0.8903633952140808,0.8023918867111206,0.270280659198761,0.1562569439411163,0.4410109519958496,0.2828826606273651,0.833800196647644,0.7149719595909119,0.6842830777168274,0.5200838446617126,0.6550854245821635,0.6530314087867737,0.5439153412977854,0.5059794882933298,-0.002054015795389774,-0.037935853004455566
cju0t4oil7vzk099370nun5h9,0.8807482123374939,0.7869080305099487,0.9554311633110046,0.9146655797958374,0.9595839381217957,0.9223079085350036,0.9776965379714966,0.9563663005828856,0.9777294993400574,0.9564293026924132,0.9786521196365356,0.9581966400146484,0.931921104590098,0.9780260523160299,0.8746271729469299,0.9569974144299825,0.04610494772593188,0.08237024148305261
cju0tl3uz8blh0993wxvn7ly3,0.474180519580841,0.3107710480690002,0.356855571269989,0.217178463935852,0.3291904628276825,0.1970245242118835,0.867986798286438,0.7667638659477234,0.9207479953765868,0.8531352877616882,0.8185328245162964,0.6928104758262634,0.3867421845595042,0.8690892060597738,0.24165801207224522,0.770903209845225,0.4823470215002696,0.5292451977729797
cju0u2g7pmnux0801vkk47ivj,0.9375155568122864,0.8823805451393127,0.826168417930603,0.7038219571113586,0.8957047462463379,0.8111097812652588,0.9678808450698853,0.9377607107162476,0.9696213603019714,0.9410340785980223,0.9686540961265564,0.9392135739326476,0.8864629069964091,0.9687187671661377,0.7991040945053101,0.9393361210823059,0.08225586016972863,0.14023202657699585
cju0u82z3cuma0835wlxrnrjv,0.9102737307548524,0.8353232741355896,0.8503060936927795,0.739593505859375,0.9084500074386596,0.8322568535804749,0.9480159878730774,0.9011695384979248,0.929347038269043,0.8680188655853271,0.9137492179870604,0.8411954641342163,0.8896766106287638,0.9303707480430603,0.8023912111918131,0.8701279560724894,0.040694137414296505,0.06773674488067627
cju0ue769mxii08019zqgdbxn,0.9529885053634644,0.9101987481117249,0.951183557510376,0.9069114327430724,0.9561122059822084,0.91591477394104,0.9368796348571776,0.8812545537948608,0.94885915517807,0.902694582939148,0.9417937994003296,0.8899908065795898,0.9534280896186829,0.9425108631451925,0.9110083182652792,0.8913133144378662,-0.01091722647349036,-0.01969500382741296
cju0vtox5ain6099360pu62rp,0.7812150120735168,0.6409785151481628,0.799717903137207,0.6662749648094177,0.7974660992622375,0.6631548404693604,0.8798988461494446,0.7855530381202698,0.966205358505249,0.934620201587677,0.8905541300773621,0.8027017712593079,0.7927996714909872,0.9122194449106852,0.656802773475647,0.8409583369890848,0.119419773419698,0.18415556351343787
cju13cgqmnhwn0988yrainhcp,0.9003933072090149,0.8188320994377136,0.8846248388290405,0.7931185960769653,0.9050655364990234,0.8265933990478516,0.985881507396698,0.9721561670303344,0.9873555898666382,0.9750269651412964,0.9129239916801452,0.8397977352142334,0.896694560845693,0.9620536963144938,0.8128480315208435,0.9289936224619547,0.06535913546880079,0.11614559094111121
cju13fwthn9mq0835gacxgy01,0.9703054428100586,0.9423235654830932,0.7774895429611206,0.6359778046607971,0.8975281119346619,0.814105212688446,0.9688647985458374,0.9396098256111144,0.9748251438140868,0.9508866667747498,0.9668660759925842,0.9358574151992798,0.881774365901947,0.9701853394508362,0.7974688609441122,0.942117969195048,0.08841097354888916,0.1446491082509358
cju13hp5rnbjx0835bf0jowgx,9.168423832639494e-12,9.168423832639494e-12,9.168423832639494e-12,9.168423832639494e-12,9.168423832639494e-12,9.168423832639494e-12,0.9508517980575562,0.90630841255188,0.9398350715637208,0.8864989876747131,0.9421886205673218,0.8906962275505066,9.168423832639494e-12,0.9442918300628662,9.168423832639494e-12,0.8945012092590332,0.9442918300536978,0.8945012092498648
cju14g8o4xui30878gkgbrvqj,0.9162476062774658,0.8454399704933167,0.9185056686401368,0.849293053150177,0.8910990953445435,0.8035877346992493,0.94006085395813,0.8869007229804993,0.958599328994751,0.9204903841018676,0.9119170904159546,0.8380952477455139,0.9086174567540487,0.9368590911229452,0.8327735861142477,0.881828784942627,0.028241634368896484,0.049055198828379276
cju14hjh2ob2o0835ouz3r5aa,0.8604100942611694,0.7550173401832581,0.8570247888565063,0.7498192191123962,0.8953529000282288,0.8105329871177673,0.941149890422821,0.888841450214386,0.9202119708061218,0.8522154092788696,0.9099374413490297,0.8347570896148682,0.8709292610486349,0.9237664341926575,0.7717898488044739,0.8586046497027079,0.05283717314402259,0.08681480089823401
cju14pxbaoksp0835qzorx6g6,0.6409406065940857,0.4716060757637024,0.621832013130188,0.4512019157409668,0.6107147336006165,0.4395891427993774,0.9781346917152404,0.9572051167488098,0.9856290817260742,0.9716653227806092,0.9808813333511353,0.9624800682067872,0.62449578444163,0.9815483689308167,0.4541323781013489,0.9637835025787354,0.35705258448918664,0.5096511244773865
cju15czxqp3lv0835jvhgzurz,0.9467557668685912,0.8988947868347168,0.9456323385238647,0.8968715071678162,0.960315465927124,0.923660397529602,0.9775992035865784,0.9561800360679626,0.965153992176056,0.9326546788215636,0.9479533433914183,0.9010563492774964,0.95090119043986,0.9635688463846842,0.906475563844045,0.9299636880556742,0.012667655944824219,0.023488124211629158
cju15jr8jz8sb0855ukmkswkz,0.7025575041770935,0.5414941310882568,0.6983409523963928,0.5365006327629089,0.6723657250404358,0.5064389705657959,0.9885637164115906,0.9773859977722168,0.9880996942520142,0.9764792919158936,0.981565535068512,0.9637984037399292,0.691088060537974,0.9860763152440389,0.5281445781389872,0.9725545644760132,0.29498825470606493,0.444409986337026
cju15l5ubz9yh0855b3ivdpse,0.8176386952400208,0.6915303468704224,0.6945024132728577,0.531982958316803,0.4846938848495483,0.3198653161525726,0.7084389925003052,0.5485137701034546,0.732764720916748,0.5782389044761658,0.702143132686615,0.5410019755363464,0.6656116644541422,0.7144489487012228,0.5144595404465994,0.5559182167053223,0.04883728424708056,0.041458676258722904
cju15mhjczc8z0801kit5c6di,0.7426638603210449,0.5906645059585571,0.7481624484062195,0.5976514220237732,0.6444142460823059,0.4753769636154175,0.90204656124115,0.821570873260498,0.9250478148460388,0.8605478405952454,0.9359135627746582,0.879546582698822,0.7117468516031901,0.9210026462872823,0.5545642971992493,0.8538884321848551,0.20925579468409228,0.29932413498560584
cju15ptjtppz40988odsm9azx,0.9333750605583192,0.8750733137130737,0.5904023051261902,0.4188445806503296,0.6781398057937622,0.513019323348999,0.6102901697158813,0.4391493201255798,0.7534212470054626,0.6043912172317505,0.9163358807563782,0.845590353012085,0.7339723904927572,0.7600157658259074,0.6023124059041342,0.6297102967898051,0.026043375333150154,0.027397890885670906
cju15wdt3zla10801odjiw7sy,0.977250874042511,0.955513834953308,0.974152684211731,0.9496078491210938,0.9745938777923584,0.9504467248916626,0.9790458083152772,0.9589517116546632,0.9780575633049012,0.9570573568344116,0.9759827256202698,0.9530920386314392,0.9753324786822001,0.977695365746816,0.9518561363220215,0.956367035706838,0.0023628870646159594,0.004510899384816525
cju160wshltz10993i1gmqxbe,0.91898512840271,0.8501133322715759,0.035379059612751,0.0180080849677324,0.9089037775993348,0.8330188393592834,0.8977084159851074,0.8144019246101379,0.8919676542282104,0.8050014972686768,0.9022355675697328,0.8218845129013062,0.6210893218715986,0.8973038792610168,0.5670467521995306,0.8137626449267069,0.27621455738941825,0.2467158927271763
cju16ach3m1da0993r1dq3sn2,0.973519802093506,0.9484058022499084,0.984185516834259,0.9688634872436525,0.9838910102844238,0.968292772769928,0.98615562915802,0.9726893901824952,0.9865034818649292,0.973366379737854,0.9858100414276124,0.9720171689987184,0.9805321097373962,0.9861563841501871,0.9618540207544962,0.9726909796396891,0.005624274412790897,0.010836958885192871
cju16b6ynq8e40988m8vx0xnj,0.9519559144973756,0.9083166122436525,0.9632954597473145,0.9291900396347046,0.960943639278412,0.9248234033584596,0.92433762550354,0.8593194484710693,0.9401020407676696,0.8869741559028625,0.935883641242981,0.8794936537742615,0.9587316711743673,0.9334411025047302,0.9207766850789388,0.8752624193827311,-0.02529056866963708,-0.045514265696207756
cju16d65tzw9d0799ouslsw25,0.9413973689079284,0.8892830610275269,0.9708579778671264,0.9433663487434388,0.9429590106010436,0.8920742273330688,0.960153341293335,0.9233604669570924,0.9598787426948548,0.9228526949882508,0.9549023509025574,0.9136967658996582,0.9517381191253661,0.9583114782969157,0.9082412123680115,0.9199699759483337,0.006573359171549553,0.011728763580322266
cju16fpvhzypl0799p9phnlx6,0.5815161466598511,0.4099561274051666,0.7592297196388245,0.6119018793106079,0.6195623874664307,0.4488159418106079,0.9702942967414856,0.9423025846481324,0.966385781764984,0.9349578619003296,0.9656420946121216,0.9335667490959167,0.6534360845883688,0.9674407243728638,0.49022464950879413,0.9369423985481262,0.314004639784495,0.4467177490393321
cju16jgnyzp970878melv7r25,0.6772924661636353,0.5120500326156616,0.9451879262924194,0.8960723280906677,0.9382755160331726,0.8837279081344604,0.9335367679595948,0.8753576874732971,0.958406627178192,0.9201350808143616,0.9436225295066832,0.8932626843452454,0.8535853028297424,0.9451886415481567,0.7639500896135966,0.8962518175443014,0.0916033387184143,0.13230172793070483
cju16whaj0e7n0855q7b6cjkm,0.3369961082935333,0.2026430070400238,0.0719096213579177,0.0372957736253738,0.1081523075699806,0.0571675561368465,0.7923305630683899,0.656082272529602,0.7389416098594666,0.5859693884849548,0.8106409907341003,0.6815780401229858,0.17235267907381055,0.7806377212206522,0.09903544560074802,0.6412099003791809,0.6082850421468416,0.5421744547784328
cju32qr9tbvsj08013pkpjenq,0.6429646611213684,0.4738010168075561,0.5528619289398193,0.3820381462574005,0.6029599905014038,0.4315982162952423,0.8600026369094849,0.7543900012969971,0.3268926441669464,0.1953805536031723,0.489672988653183,0.3242165148258209,0.5995955268541971,0.5588560899098715,0.42914579312006634,0.4246623565753301,-0.04073943694432569,-0.004483436544736263
cju32srle1xfq083575i3fl75,0.977864384651184,0.9566875100135804,0.9618478417396544,0.9264999032020568,0.9643566012382508,0.931166648864746,0.9662815928459167,0.9347628951072692,0.9659885168075562,0.9342145323753356,0.9704621434211732,0.9426192045211792,0.9680229425430298,0.9675774176915487,0.9381180206934611,0.9371988773345947,-0.0004455248514810828,-0.0009191433588663367
cju32upim1z7u0988l883nqp6,0.921408474445343,0.8542701005935669,0.9400582909584044,0.8868961930274963,0.9539088010787964,0.9118791818618774,0.9601693153381348,0.9233900904655457,0.976468026638031,0.9540181159973145,0.9541784524917604,0.9123721718788148,0.938458522160848,0.963605264822642,0.8843484918276469,0.9299267927805582,0.025146742661793953,0.04557830095291138
cju32zhbnc1oy0801iyv1ix6p,0.8135496377944946,0.685700535774231,0.8390616178512573,0.722744345664978,0.822970986366272,0.6991934180259705,0.5589668154716492,0.3878930807113647,0.5584924817085266,0.3874363601207733,0.5561373829841614,0.3851733207702636,0.8251940806706747,0.557865560054779,0.7025460998217264,0.3868342538674672,-0.2673285206158956,-0.3157118459542592
cju330ofbc2l30801th5g3hw6,0.9710215926170348,0.9436753988265992,0.967781901359558,0.9375750422477722,0.9742832779884338,0.9498560428619384,0.9769164323806764,0.9548745155334472,0.9571517705917358,0.9178246259689332,0.9750854969024658,0.9513822793960572,0.9710289239883423,0.9697178999582926,0.9437021613121033,0.9413604736328125,-0.001311024030049679,-0.0023416876792907715
cju33231uy4gi0993qc7b1jch,0.7393245100975037,0.5864510536193848,0.5470342040061951,0.3764948844909668,0.4943193793296814,0.3283029496669769,0.9348179697990416,0.8776133060455322,0.9304847717285156,0.8700060248374939,0.9186820387840272,0.8495947122573853,0.5935593644777933,0.9279949267705282,0.4304162959257762,0.8657380143801371,0.33443556229273486,0.4353217184543609
cju334jzo261t0835yqudnfs1,0.9819918274879456,0.9646207094192504,0.9776602983474731,0.9562968611717224,0.981184184551239,0.9630632996559144,0.9791777729988098,0.9592049717903136,0.9802226424217224,0.961212396621704,0.9779342412948608,0.9568212628364564,0.9802787701288859,0.9791115522384644,0.9613269567489624,0.9590795437494913,-0.0011672178904215125,-0.0022474129994710657
cju336l68y7if0993wf092166,0.9396969079971312,0.8862530589103699,0.7942752838134766,0.6587534546852112,0.935593843460083,0.8789820075035095,0.9469898343086244,0.8993169069290161,0.9198418259620668,0.8515806794166565,0.9203630089759828,0.8524745106697083,0.8898553450902303,0.9290648897488913,0.8079961736996969,0.867790699005127,0.039209544658661,0.05979452530543006
cju3381d8bz3h07991xtl7ra0,0.9541511535644532,0.9123222827911376,0.9547143578529358,0.9133525490760804,0.8951073288917542,0.8101305961608887,0.9164556860923768,0.8457943797111511,0.9132220149040222,0.8403022885322571,0.917136251926422,0.8469544649124146,0.934657613436381,0.9156046509742737,0.8786018093427023,0.8443503777186075,-0.019052962462107303,-0.03425143162409472
cju33belnbyhm0878yxl42233,0.9378254413604736,0.8829296231269836,0.9329107999801636,0.8742575645446777,0.9281045794487,0.8658536672592163,0.9511626362800598,0.9068732857704164,0.94851154088974,0.9020655751228333,0.9493080377578736,0.9035075306892396,0.9329469402631124,0.9496607383092245,0.8743469516436259,0.904148797194163,0.01671379804611206,0.02980184555053711
cju33eqwbcch208012jikwdky,0.8123228549957275,0.6839593648910522,0.716671884059906,0.5584478974342346,0.7999293208122253,0.6665684580802917,0.9146180152893066,0.8426692485809326,0.917271852493286,0.8471857905387878,0.9272538423538208,0.8643739819526672,0.776308019955953,0.9197145700454712,0.6363252401351929,0.8514096736907959,0.1434065500895182,0.21508443355560303
cju33jon3ygbj0993pu22a4k6,0.9232585430145264,0.8574561476707458,0.8349711298942566,0.7166956663131714,0.957427144050598,0.9183310866355896,0.9596465826034546,0.9224236607551576,0.9528833627700806,0.9100068807601928,0.9575307965278624,0.9185219407081604,0.9052189389864603,0.9566869139671326,0.8308276335398356,0.9169841607411703,0.05146797498067224,0.08615652720133471
cju33mirdc8mj0799k33wzoes,0.9475740790367126,0.9003713130950928,0.975927710533142,0.9529871344566344,0.973037600517273,0.9474909901618958,0.9839067459106444,0.9683232307434082,0.9845349192619324,0.96954083442688,0.9825313687324524,0.9656625986099244,0.9655131300290426,0.9836576779683431,0.9336164792378744,0.9678422212600708,0.018144547939300537,0.034225742022196415
cju33o12x2jm50988944mxq0v,0.9647268652915956,0.931857407093048,0.9520776271820068,0.9085383415222168,0.9576783776283264,0.9187934994697572,0.9641010761260986,0.9306902289390564,0.965649962425232,0.9335814714431764,0.9561221599578856,0.9159329533576964,0.9581609567006429,0.9619577328364054,0.919729749361674,0.9267348845799764,0.0037967761357624585,0.007005135218302483
cju33qpdvc9g0087825jhf3s9,0.9596633911132812,0.9224546551704408,0.9489825367927552,0.9029179215431212,0.9263424277305604,0.8627912998199463,0.9420248866081238,0.8904036283493042,0.949224889278412,0.9033567905426024,0.9339007139205932,0.8759979009628296,0.9449961185455322,0.9417168299357096,0.8960546255111694,0.8899194399515787,-0.003279288609822628,-0.0061351855595906946
cju33w4sdcivk0855x879zht7,0.9321982264518738,0.8730068206787109,0.9808151721954346,0.9623526334762572,0.9784740805625916,0.9578553438186646,0.9764133095741272,0.9539135694503784,0.981173574924469,0.9630429148674012,0.9812363386154176,0.9631638526916504,0.9638291597366333,0.9796077410380045,0.9310715993245443,0.9600401123364767,0.01577858130137122,0.028968513011932373
cju33x0f22peh0988g0ln7w5v,0.8692494034767151,0.7687366008758545,0.8649746179580688,0.7620751261711121,0.870474636554718,0.7706552743911743,0.946578860282898,0.8985759019851685,0.9234899282455444,0.8578553795814514,0.9328165650367736,0.8740919828414917,0.8682328859965006,0.934295117855072,0.767155667146047,0.8768410881360372,0.06606223185857141,0.10968542098999023
cju8ceacrsqkr0755hdz145es,0.6554026007652283,0.4874341189861297,0.6527050733566284,0.4844559729099273,0.9776017665863036,0.9561849236488342,0.9600481390953064,0.9231659173965454,0.9657794833183287,0.9338235259056092,0.958101212978363,0.9195722937583924,0.7619031469027201,0.9613096117973328,0.6426916718482971,0.9255205790201823,0.19940646489461267,0.28282890717188514
cju8cgi2kspp308011nxdtjp6,0.9559060335159302,0.915536403656006,0.9394831657409668,0.8858729004859924,0.9497405886650084,0.9042914509773254,0.9473517537117004,0.8999699354171753,0.946215808391571,0.8979217410087585,0.941553235054016,0.8895612955093384,0.9483765959739685,0.9450402657190958,0.9019002517064413,0.8958176573117574,-0.003336330254872677,-0.006082594394683838
cju8chdlqsu620755azjty1tj,0.9688666462898254,0.9396132826805116,0.930972933769226,0.8708600401878357,0.9364892840385436,0.8805639743804932,0.9521347880363464,0.9086424112319946,0.9392098784446716,0.8853870630264282,0.9375641942024232,0.8824666142463684,0.9454429546991984,0.9429696202278137,0.8970124324162801,0.8921653628349304,-0.0024733344713846472,-0.004847069581349728
cju8chxndsre008015uisl4si,0.9182263016700744,0.8488155603408813,0.947589099407196,0.9003984332084656,0.9500760436058044,0.9048998951911926,0.9573726654052734,0.9182308912277222,0.9671258926391602,0.9363444447517396,0.9642857313156128,0.931034505367279,0.938630481561025,0.9629280964533488,0.8847046295801798,0.928536613782247,0.024297614892323738,0.04383198420206713
cju8cj10qsrau0871o2dr6ai1,0.977076768875122,0.9551809430122375,0.9687167406082152,0.9393314123153688,0.9758325219154358,0.9528055787086488,0.983843982219696,0.968201756477356,0.983176290988922,0.9669092297554016,0.9830250144004822,0.966616690158844,0.9738753437995911,0.9833484292030334,0.949105978012085,0.9672425587972006,0.009473085403442383,0.018136580785115597
cju8clorgsuwn08714toqb7v6,0.948292076587677,0.901668667793274,0.9521929025650024,0.9087483286857604,0.9584540128707886,0.9202225208282472,0.948506474494934,0.9020563364028932,0.9619560837745668,0.92670077085495,0.9558835029602052,0.9154950976371764,0.9529796640078226,0.9554486870765686,0.9102131724357605,0.9147507349650065,0.002469023068745968,0.004537562529245975
cju8cwy02t9eq08185qn12c02,0.8799092769622803,0.7855696678161621,0.880822479724884,0.7870266437530518,0.8704259991645813,0.7705789804458618,0.954426109790802,0.9128251075744628,0.9579622745513916,0.919316291809082,0.9572242498397828,0.9179579019546508,0.8770525852839152,0.9565375447273254,0.7810584306716919,0.9166997671127319,0.07948495944341027,0.13564133644104004
cju8czvnztbf40871b4m7t78w,0.9595239162445068,0.9221969842910768,0.8797522187232971,0.7853193283081055,0.8782851696014404,0.7829843163490295,0.949461817741394,0.9037860631942748,0.9576258063316344,0.9186968207359314,0.950531244277954,0.9057260751724244,0.9058537681897482,0.9525396227836609,0.8301668763160706,0.9094029863675436,0.04668585459391272,0.07923611005147302
cju8d2q30tfhs0801n7lx77xl,0.9521453976631165,0.908661723136902,0.9794172644615172,0.9596647024154664,0.9804847240447998,0.9617165327072144,0.9816745519638062,0.9640086889266968,0.983435034751892,0.9674099683761596,0.9779810309410096,0.9569107890129088,0.9706824620564779,0.9810302058855692,0.9433476527531942,0.9627764821052551,0.010347743829091316,0.019428829352060917
cju8d4jgatgpj0871q2ophhkm,0.9720367789268494,0.945594847202301,0.9694832563400269,0.940773904323578,0.9718673229217528,0.945274293422699,0.9775363206863404,0.9560596942901612,0.9781232476234436,0.9571831226348876,0.9801275730133056,0.961029589176178,0.9711291193962097,0.9785957137743632,0.9438810149828593,0.9580908020337423,0.007466594378153446,0.01420978705088305
cju8dic9mtppa0987swn23wbc,0.982726275920868,0.96603924036026,0.9714239835739136,0.944435715675354,0.984508454799652,0.9694895148277284,0.97980797290802,0.960415244102478,0.985003650188446,0.9704504013061525,0.9792859554290771,0.9594126343727112,0.9795529047648112,0.9813658595085144,0.9599881569544474,0.9634260932604471,0.0018129547437032434,0.003437936305999756
cju8djdqztu6408506pzhlo18,0.9235050082206726,0.8578813672065735,0.940425992012024,0.8875510096549988,0.931190550327301,0.8712409734725952,0.9434760212898254,0.8930001258850098,0.9281728863716124,0.8659725785255432,0.9347005486488342,0.8774063587188721,0.9317071835199991,0.9354498187700907,0.8722244501113892,0.8787930210431417,0.0037426352500915527,0.00656857093175256
cju8dk7eztzup08182yxko5zh,0.9533419609069824,0.910843789577484,0.945645034313202,0.8968943953514099,0.9578551054000854,0.9191189408302308,0.9774123430252076,0.9558225870132446,0.9615207314491272,0.925893008708954,0.976689338684082,0.954440712928772,0.9522807002067566,0.9718741377194723,0.9089523752530416,0.9453854362169901,0.019593437512715695,0.036433060963948494
cju8dm2cau2km0818jsv9eeq2,0.978223204612732,0.957374632358551,0.9468603134155272,0.8990833163261414,0.9724589586257936,0.9463943243026732,0.9874630570411682,0.9752365350723268,0.9825160503387452,0.9656329154968262,0.9858477115631104,0.9720903635025024,0.9658474922180176,0.9852756063143412,0.9342840909957886,0.9709866046905518,0.019428114096323612,0.036702513694763184
cju8dn0c3u2v50801k8rvq02f,0.9381695985794068,0.8835399746894836,0.9786762595176696,0.958242893218994,0.977691888809204,0.9563573598861694,0.9819588661193848,0.9645571112632751,0.976911723613739,0.9548655152320862,0.9804589748382568,0.9616669416427612,0.9648459156354269,0.9797765215237936,0.9327134092648824,0.9603631893793741,0.0149306058883667,0.027649780114491707
cju8doa16u5gh0818w1ywda3q,0.570790708065033,0.399375170469284,0.4074948132038116,0.2558828592300415,0.609799861907959,0.438641756772995,0.9804219007492064,0.9615957140922546,0.9621284008026124,0.9270206689834596,0.9560493230819702,0.91579931974411,0.5293617943922678,0.9661998748779297,0.3646332621574402,0.9348052342732748,0.43683808048566186,0.5701719721158346
cju8dpa89u6l80818dj6lldh9,0.6606854796409607,0.4933011829853058,0.6397107243537903,0.4702754914760589,0.6236101388931274,0.4530766308307647,0.7014140486717224,0.5401368141174316,0.6950988173484802,0.5326830744743347,0.7006887793540955,0.5392770767211914,0.6413354476292928,0.699067215124766,0.47221776843070984,0.5373656551043192,0.05773176749547315,0.06514788667360938
cju8dqkrqu83i0818ev74qpxq,0.8999919295310974,0.8181684613227844,0.8763003945350647,0.779835045337677,0.844533383846283,0.7309024930000305,0.9621736407279968,0.9271045923233032,0.9626864194869996,0.9280573129653932,0.9299620389938354,0.869092583656311,0.8736085693041483,0.951607366402944,0.7763019998868307,0.9080848296483358,0.07799879709879565,0.13178282976150513
cjyzjzssvd8pq0838f4nolj5l,0.8252230882644653,0.7024508714675903,0.8272436857223511,0.7053841352462769,0.7798430323600769,0.6391333937644958,0.8356685042381287,0.7177238464355469,0.8387635946273804,0.7223021388053894,0.8071997165679932,0.6767266392707825,0.8107699354489645,0.8272106051445007,0.6823228001594543,0.7055842081705729,0.01644066969553626,0.023261408011118534
cjyzk8qieoboa0848ogj51wwm,0.8401892781257629,0.7244192957878113,0.794440746307373,0.6589810848236084,0.8746866583824158,0.77728271484375,0.971100091934204,0.9438236355781556,0.9721700549125672,0.94584721326828,0.9790300130844116,0.9589213728904724,0.8364388942718506,0.9741000533103943,0.7202276984850565,0.9495307405789694,0.1376611590385437,0.22930304209391283
cjyzkmjy8evns070165gf9dmq,0.913214147090912,0.8402889966964722,0.9142221808433532,0.8419974446296692,0.9043636918067932,0.8254232406616211,0.9618907570838928,0.9265795350074768,0.9250629544258118,0.8605740666389465,0.9431180953979492,0.8923590779304504,0.9106000065803528,0.9433572689692179,0.8359032273292542,0.8931708931922913,0.032757262388865116,0.05726766586303711
cjyzkpsbjdsjq07211dfi4sru,0.9452568292617798,0.8961962461471558,0.9360430240631104,0.8797752857208252,0.9594152569770812,0.921996295452118,0.9350214004516602,0.8779720067977905,0.9465909004211426,0.8985975980758667,0.9236430525779724,0.8581196665763855,0.9469050367673238,0.935085117816925,0.8993226091066996,0.8782297571500143,-0.0118199189503988,-0.02109285195668531
cjyzl833ndne80838pzuq6ila,0.974601149559021,0.9504604935646056,0.9589181542396544,0.9210785031318665,0.9711255431175232,0.943871796131134,0.9717388153076172,0.9450311064720154,0.9695210456848145,0.9408450722694396,0.9690195322036744,0.9399009943008424,0.9682149489720663,0.9700931310653687,0.9384702642758688,0.9419257243474325,0.0018781820933023718,0.0034554600715637207
cjyzlw7f9faqr070129au64sq,0.9157533645629884,0.8445987701416016,0.9151164293289183,0.8435158133506775,0.928647518157959,0.8667991757392883,0.9331651926040648,0.8747044801712036,0.936825156211853,0.8811581134796143,0.9350318312644958,0.8779904246330261,0.919839104016622,0.9350073933601379,0.8516379197438558,0.8779510060946146,0.015168289343515995,0.026313086350758796
cjyztzaqtrv430848l8xgcerw,0.9120569825172424,0.8383315801620483,0.9179227948188782,0.8482969403266907,0.9222214221954346,0.8556686639785767,0.9576250910758972,0.9186954498291016,0.9499203562736512,0.9046174883842468,0.9555423259735109,0.9148693084716796,0.9174003998438517,0.9543625911076864,0.8474323948224386,0.912727415561676,0.03696219126383471,0.06529502073923743
cjyzu3reghjya0794w7pwoi50,0.9150501489639282,0.8434032201766968,0.9058865904808044,0.8279641270637512,0.907328724861145,0.8303766250610352,0.937657356262207,0.882631778717041,0.9281045794487,0.8658536672592163,0.9104571342468262,0.8356322050094604,0.9094218214352926,0.9254063566525778,0.8339146574338278,0.8613725503285726,0.015984535217285156,0.027457892894744873
cjyzu9th0qt4r0a46pyl4zik0,0.0728259310126304,0.0377889759838581,0.4416753053665161,0.2834295928478241,0.8500832915306091,0.7392563819885254,0.8633571863174438,0.7595677375793457,0.8952292203903198,0.810330331325531,0.8597820997238159,0.7540507316589355,0.4548615093032519,0.8727895021438599,0.3534916502734025,0.7746496001879374,0.41792799284060794,0.42115794991453487
cjyzufihqquiw0a46jatrbwln,0.9321460127830504,0.8729152679443359,0.8221030831336975,0.6979414820671082,0.8203219175338745,0.695377767086029,0.956599771976471,0.9168100357055664,0.9626337885856628,0.9279595017433168,0.95490700006485,0.9137052297592164,0.8581903378168741,0.9580468535423279,0.7554115056991577,0.9194915890693665,0.09985651572545373,0.16408008337020874
cjyzuio1qgh040763k56deohv,0.9431314468383788,0.8923829197883606,0.9379361271858216,0.8831258416175842,0.6926829218864441,0.5298507213592529,0.8921465873718262,0.8052930235862732,0.9067044854164124,0.8293315768241882,0.8780487775802612,0.782608687877655,0.8579168319702148,0.8922999501228333,0.7684531609217325,0.8057444294293722,0.03438311815261841,0.03729126850763964
cjyzul1qggwwj07216mhiv5sy,0.8847978711128235,0.7933968901634216,0.9336270093917848,0.8755163550376892,0.8843201994895935,0.792629063129425,0.9220882058143616,0.8554393649101257,0.9259074926376344,0.8620370626449585,0.9014683365821838,0.8206120133399963,0.9009150266647339,0.9164880116780599,0.8205141027768453,0.8460294802983602,0.015572985013326046,0.025515377521514893
cjyzurzvohqnr0794es1itzek,0.9620692133903505,0.9269106984138488,0.9631006717681884,0.9288275837898254,0.95078843832016,0.9061933159828186,0.9715785980224608,0.9447280764579772,0.974507749080658,0.9502829313278198,0.9740200638771056,0.9493558406829834,0.9586527744928995,0.9733688036600748,0.9206438660621643,0.9481222828229269,0.014716029167175293,0.02747841676076257
cjz14qsk2wci60794un9ozwmw,0.971133828163147,0.9438874125480652,0.9751109480857848,0.9514307379722596,0.9705219268798828,0.942732036113739,0.9751763939857484,0.95155531167984,0.9754398465156556,0.952057123184204,0.9748455286026,0.9509254693984984,0.9722555677096049,0.975153923034668,0.9460167288780212,0.9515126347541808,0.0028983553250631067,0.005495905876159557
ck2395w2mb4vu07480otsu6tw,0.6911736726760864,0.5280866026878357,0.7804998159408569,0.6400161385536194,0.8747186064720154,0.7773332595825195,0.9455018639564514,0.8966368436813354,0.9574123620986938,0.9183039665222168,0.957332730293274,0.9181574583053588,0.7821306983629862,0.9534156521161398,0.6484786669413248,0.9110327561696371,0.17128495375315356,0.26255408922831225
ck2bxiswtxuw80838qkisqjwz,0.5981233716011047,0.4266590774059295,0.4659945368766784,0.3037763237953186,0.4599710404872894,0.2986768782138824,0.4637797474861145,0.3018966317176819,0.4621198177337646,0.3004914224147796,0.4640293717384338,0.3021082282066345,0.5080296496550242,0.463309645652771,0.3430374264717102,0.30149876077969867,-0.04472000400225318,-0.041538665692011534
ck2bxknhjvs1x0794iogrq49k,0.7322394251823425,0.577584981918335,0.8142157793045044,0.6866474747657776,0.887290358543396,0.7974140644073486,0.9446949362754822,0.8951866030693054,0.9320167303085328,0.8726885318756104,0.9363930225372314,0.8803938031196594,0.8112485210100809,0.9377015630404154,0.6872155070304871,0.8827563126881918,0.12645304203033447,0.1955408056577047
ck2bxlujamu330725szlc2jdu,0.903911292552948,0.8246697783470154,0.9058494567871094,0.8279020190238953,0.9236986041069032,0.8582155704498291,0.8377035856246948,0.7207314372062683,0.8505872488021851,0.7400190234184265,0.8329365849494934,0.713702917098999,0.9111531178156534,0.8404091397921244,0.8369291226069132,0.7248177925745646,-0.07074397802352905,-0.11211133003234863
ck2bxpfgxu2mk0748gsh7xelu,0.6900997161865234,0.5268337726593018,0.6728657484054565,0.5070065259933472,0.66766756772995,0.5011268854141235,0.6718849539756775,0.5058936476707458,0.6774368286132812,0.5122150778770447,0.6838381886482239,0.519569993019104,0.6768776774406433,0.6777199904123942,0.5116557280222574,0.5125595728556315,0.0008423129717508582,0.0009038448333740234
ck2bxqz3evvg20794iiyv5v2m,0.2300425171852111,0.1299706399440765,0.259708970785141,0.1492330580949783,0.1618588715791702,0.0880557373166084,0.2606107294559479,0.1498288661241531,0.252470463514328,0.1444727778434753,0.2653198540210724,0.1529503166675567,0.2172034531831741,0.2594670156637828,0.12241981178522106,0.14908398687839503,0.04226356248060867,0.026664175093173967
ck2bxskgxxzfv08386xkqtqdy,0.9307901859283448,0.8705402612686157,0.9409822821617126,0.8885424733161926,0.9369859099388124,0.881442666053772,0.9401038289070128,0.8869772553443909,0.9436516761779784,0.8933148980140686,0.9284184575080872,0.8664001822471619,0.9362527926762899,0.9373913208643595,0.8801751335461935,0.8822307785352071,0.0011385281880695874,0.002055644989013672
ck2bxw18mmz1k0725litqq2mc,0.5120618343353271,0.3441418707370758,0.5647636651992798,0.3934987485408783,0.5762025713920593,0.4046941995620727,0.2493258118629455,0.1424170285463333,0.2335975766181945,0.1322448253631591,0.3521861135959625,0.2137292921543121,0.5510093569755554,0.27836983402570087,0.3807782729466756,0.16279704868793485,-0.27263952294985455,-0.21798122425874075
ck2da7fwcjfis07218r1rvm95,0.9190452694892884,0.850216269493103,0.8956435918807983,0.8110095858573914,0.9429020285606384,0.8919722437858582,0.9719172716140748,0.945368766784668,0.9750834703445436,0.9513784646987916,0.9482437372207642,0.9015812873840332,0.9191969633102417,0.9650814930597941,0.8510660330454508,0.9327761729558309,0.04588452974955237,0.08171013991038012
cju85nr8elly209872w9n5m0s,0.7676296234130859,0.6228887438774109,0.7228315472602844,0.5659641623497009,0.7681411504745483,0.6235626339912415,0.9596606492996216,0.9224496483802797,0.944571018218994,0.8949640393257141,0.9398999810218812,0.8866144418716431,0.7528674403826395,0.9480438828468323,0.6041385134061178,0.9013427098592123,0.19517644246419275,0.2972041964530945
cju85omszllp30850b6rm9mi3,0.9608739018440248,0.9246941804885864,0.9654872417449952,0.9332772493362428,0.9643539190292358,0.931161642074585,0.9778487086296082,0.9566575288772584,0.9771522283554076,0.9553251266479492,0.9712557792663574,0.9441179037094116,0.9635716875394186,0.9754189054171244,0.9297110239664713,0.952033519744873,0.011847217877705818,0.02232249577840173
cju85plp7lmkw0850rx42jdpf,0.7992267608642578,0.6655933856964111,0.8511179685592651,0.7408227920532227,0.6523444652557373,0.4840587675571441,0.965976357460022,0.9341917037963868,0.9708291888237,0.9433119893074036,0.9622647762298584,0.9272738695144652,0.7675630648930868,0.9663567741711935,0.6301583151022593,0.9349258542060852,0.1987937092781067,0.3047675391038259
cju85qefyln6v0850szeb9byi,0.8202133178710938,0.6952217221260071,0.6642277836799622,0.4972612559795379,0.8216950297355652,0.6973534226417542,0.986884355545044,0.9741082191467284,0.9429856538772584,0.8921219706535339,0.9726366996765136,0.9467310309410096,0.768712043762207,0.967502236366272,0.6299454669157664,0.9376537402470907,0.19879019260406494,0.30770827333132433
cju85rkbnlo1c08503uxcpax1,0.978447675704956,0.9578047394752502,0.9806044697761536,0.9619470238685608,0.9675793647766112,0.9371948838233948,0.980854630470276,0.9624285697937012,0.9821618795394896,0.9649490118026732,0.9793967008590698,0.9596251845359802,0.9755438367525736,0.9808044036229452,0.9523155490557352,0.9623342553774515,0.005260566870371575,0.010018706321716309
cju87kbcen2av0987usezo8kn,0.3533510863780975,0.2145879864692688,0.355605274438858,0.2162529826164245,0.3317969143390655,0.1988947987556457,0.3143737614154815,0.1865026503801345,0.3232305347919464,0.1927698105573654,0.2882907092571258,0.1684226989746093,0.3469177583853403,0.30863166848818463,0.20991192261377967,0.18256505330403638,-0.03828608989715565,-0.027346869309743282
cju87li0zn3yb0817kbwgjiz8,0.3368078470230102,0.202506884932518,0.3711355626583099,0.2278492748737335,0.3009058237075805,0.1770977973937988,0.9664141535758972,0.935011088848114,0.9857404828071594,0.9718819260597228,0.8799242377281189,0.7855935096740723,0.3362830777963002,0.9440262913703918,0.20248465240001678,0.8974955081939697,0.6077432135740917,0.6950108557939529
cju87mrypnb1e0818scv1mxxg,0.9264394640922546,0.8629597425460815,0.9455257654190063,0.8966797590255737,0.9350978136062622,0.8781067728996277,0.9324324131011964,0.8734177350997925,0.9434486031532288,0.8929509520530701,0.941685676574707,0.8897976875305176,0.9356876810391744,0.9391888976097107,0.8792487581570944,0.8853887915611267,0.0035012165705362586,0.006140033404032352
cju87nkyrnb970801q84m47yt,0.6627700924873352,0.4956291019916534,0.8250637650489807,0.7022200226783752,0.7957165241241455,0.6607385873794556,0.9738441109657288,0.9490216374397278,0.9605106115341188,0.924021542072296,0.9567837119102478,0.9171479940414428,0.7611834605534872,0.9637128114700317,0.6195292373498281,0.9300637245178223,0.20252935091654456,0.31053448716799414
cju87ox0kncom0801b98hqnd2,0.8100272417068481,0.6807107329368591,0.8971193432807922,0.8134328126907349,0.7267765998840332,0.5708162188529968,0.9626124501228333,0.927919864654541,0.9587781429290771,0.9208202362060548,0.969376802444458,0.9405734539031982,0.8113077282905579,0.9635891318321228,0.6883199214935303,0.9297711849212646,0.15228140354156494,0.24145126342773438
cju87q6yoneim0871dl4phvkd,0.8976335525512695,0.8142787218093872,0.7124987840652466,0.5533965826034546,0.837395191192627,0.7202750444412231,0.9690191745758056,0.939900279045105,0.9645742774009703,0.9315726161003112,0.9690690636634828,0.9399941563606262,0.8158425092697144,0.9675541718800863,0.6959834496180216,0.9371556838353475,0.15171166261037194,0.24117223421732592
cju87r56lnkyp0755hz30leew,0.9709110260009766,0.9434666037559508,0.9414418935775756,0.8893625140190125,0.9421088695526124,0.8905537128448486,0.9605116248130798,0.924023449420929,0.9523667693138124,0.9090650677680968,0.9566046595573424,0.9168189764022828,0.9514872630437216,0.9564943512280782,0.9077942768732706,0.9166358311971029,0.0050070881843566895,0.008841554323832268
cju87tyddnnad0755bj0wxahe,0.9875043630599976,0.975317120552063,0.9039431810379028,0.824722945690155,0.9873867034912108,0.975087583065033,0.9883432984352112,0.9769551753997804,0.9854540228843688,0.9713250994682312,0.9840766191482544,0.9686524271965028,0.9596114158630371,0.9859579801559448,0.9250425497690836,0.9723109006881714,0.026346564292907715,0.047268350919087765
cju87vqa0ndwg0850onjdz7ol,0.6800882816314697,0.5152528882026672,0.6391211748123169,0.4696385562419891,0.6760498881340027,0.5106309056282043,0.9360971450805664,0.8798708915710449,0.9342668652534484,0.8766424655914307,0.8495880961418152,0.7385077476501465,0.6650864481925964,0.90665070215861,0.4985074500242869,0.8316737016042074,0.24156425396601355,0.33316625157992047
cju87xn2snfmv0987sc3d9xnq,0.8285554051399231,0.7072937488555908,0.835985541343689,0.7181916832923889,0.8875853419303894,0.7978907227516174,0.6444213390350342,0.4753846526145935,0.7526019215583801,0.6033374071121216,0.5850512385368347,0.4134787619113922,0.8507087628046671,0.660691499710083,0.7411253849665324,0.4974002738793691,-0.1900172630945841,-0.24372511108716327
cju87z6o6nh73085045bzsx6o,0.9841689467430116,0.9688313603401184,0.9841664433479308,0.9688265323638916,0.987649142742157,0.9755997061729432,0.9853008985519408,0.971027672290802,0.9831483960151672,0.9668553471565248,0.98328959941864,0.9671284556388856,0.9853281776110331,0.9839129646619161,0.9710858662923177,0.9683371583620707,-0.0014152129491169507,-0.002748707930247063
cju87zv8lni0o0850hbbecbq6,0.9406896829605104,0.8880208134651184,0.9296551942825316,0.8685566782951355,0.933783769607544,0.8757921457290649,0.9325729608535768,0.873664379119873,0.9458709359169006,0.8973008394241333,0.9194089770317078,0.8508390188217163,0.9347095489501953,0.9326176246007284,0.877456545829773,0.8739347457885742,-0.0020919243494669226,-0.0035218000411987305
cju8828oxnool0801qno9luhr,0.9819979667663574,0.9646326899528505,0.9692920446395874,0.9404138326644896,0.9710201621055604,0.9436726570129396,0.9787776470184326,0.9584373235702516,0.9790968894958496,0.9590497612953186,0.9767054319381714,0.9544713497161864,0.9741033911705017,0.9781933228174845,0.9495730598767599,0.9573194781939188,0.004089931646982792,0.007746418317158943
cju884985nlmx0817vzpax3y4,0.2050040364265442,0.1142086312174797,0.6891076564788818,0.525678277015686,0.8090178966522217,0.6792863607406616,0.9239267110824584,0.8586094379425049,0.9374053478240968,0.8821852803230286,0.916461944580078,0.8458049893379211,0.5677098631858826,0.9259313344955444,0.4397244229912758,0.8621999025344849,0.35822147130966187,0.4224754795432091
cju7dp3dw2k4n0755zhe003ad,0.9561967253684998,0.9160698652267456,0.9583977460861206,0.920118808746338,0.9666969180107116,0.9355405569076538,0.9722306728363036,0.9459620118141174,0.9713585376739502,0.9443120956420898,0.9764965176582336,0.9540725350379944,0.9604304631551107,0.9733619093894958,0.9239097436269125,0.9481155474980673,0.012931446234385136,0.024205803871154785
cju7dqcwi2dz00850gcmr2ert,0.7733314633369446,0.6304323077201843,0.9007456302642822,0.8194151520729065,0.6823874115943909,0.5178968906402588,0.938144326210022,0.8834951519966125,0.9515740871429444,0.9076216220855712,0.9310696721076964,0.8710293173789978,0.7854881683985392,0.9402626951535543,0.6559147834777832,0.8873820304870605,0.15477452675501513,0.23146724700927734
cju7druhp2gp308715i6km7be,0.7121285796165466,0.5529500842094421,0.7108339667320251,0.5513905882835388,0.6945436596870422,0.5320312976837158,0.9393905997276306,0.8857083320617676,0.960227072238922,0.923496961593628,0.9557758569717408,0.9152976274490356,0.7058354020118713,0.9517978429794312,0.5454573233922323,0.9081676403681437,0.24596244096755981,0.3627103169759114
cju7dsrtb2f8i085064kwugfk,0.9734649062156676,0.9483016729354858,0.9718317985534668,0.9452070593833924,0.9666588306427002,0.9354691505432128,0.963302731513977,0.9292035102844238,0.9628252983093262,0.9283154010772704,0.9596643447875975,0.9224565029144288,0.9706518451372782,0.9619307915369669,0.942992627620697,0.9266584714253744,-0.00872105360031128,-0.016334156195322636
cju7dtb1e2j0t0818deq51ib3,0.9557285904884338,0.9152109622955322,0.944493055343628,0.8948240876197815,0.958396852016449,0.9201170802116394,0.9665243625640868,0.9352173209190368,0.9720608592033386,0.9456404447555542,0.9667773246765136,0.9356911182403564,0.9528728326161703,0.9684541821479797,0.9100507100423177,0.9388496279716492,0.015581349531809452,0.028798917929331425
cju7dubap2g0w0801fgl42mg9,0.6405543684959412,0.4711879193782806,0.6581637263298035,0.490494817495346,0.6914198398590088,0.5283740758895874,0.4429281055927276,0.2844622135162353,0.4408937990665436,0.2827862501144409,0.431850403547287,0.2753885090351105,0.6633793115615845,0.4385574360688527,0.4966856042544047,0.2808789908885956,-0.22482187549273175,-0.21580661336580914
cju7dvl5m2n4t0755hlnnjjet,0.9450313448905944,0.8957908749580383,0.9455525875091552,0.8967280387878418,0.9567092061042786,0.917011022567749,0.9499372243881226,0.9046480059623718,0.954274356365204,0.912547528743744,0.946278750896454,0.8980352282524109,0.9490977128346761,0.9501634438832601,0.9031766454378763,0.9050769209861755,0.0010657310485839844,0.0019002755482991907
cju7dwe282dc309876rco45ts,0.6593903303146362,0.4918585121631622,0.5799362063407898,0.4083874225616455,0.6465532183647156,0.4777086079120636,0.9754044413566588,0.951989769935608,0.977192521095276,0.9554022550582886,0.9755728244781494,0.9523105621337892,0.6286265850067139,0.9760565956433614,0.4593181808789571,0.9532341957092285,0.3474300106366476,0.4939160148302714
cju7dxffn2eam0817qxosfwch,0.8729312419891357,0.7745146155357361,0.6454424262046814,0.4764968752861023,0.6225979924201965,0.4520089328289032,0.597673237323761,0.4262011051177978,0.9333444237709044,0.8750194311141968,0.6028316020965576,0.4314666986465454,0.7136572202046713,0.7112830877304077,0.5676734745502472,0.57756241162618,-0.002374132474263546,0.009888937075932858
cju7dymur2od30755eg8yv2ht,0.7797408699989319,0.6389961242675781,0.7673574090003967,0.6225303411483765,0.8048620820045471,0.6734470129013062,0.9440403580665588,0.8940117955207825,0.9158021211624146,0.8446817398071289,0.955811321735382,0.9153626561164856,0.7839867870012919,0.9385512669881185,0.6449911594390869,0.8846853971481323,0.15456447998682665,0.2396942377090454
cju7dz5yy2i7z0801ausi7rna,0.9319409728050232,0.8725556135177612,0.8718833923339844,0.7728663682937622,0.9298973083496094,0.8689794540405273,0.9594686627388,0.9220949411392212,0.959482491016388,0.9221203923225404,0.9680615067481996,0.9380999803543092,0.9112405578295389,0.9623375535011292,0.8381338119506836,0.9274384379386902,0.051096995671590206,0.08930462598800659
cju7ea4om2l910801bohqjccy,0.9763155579566956,0.9537270665168762,0.9808064699172974,0.9623358845710754,0.9780553579330444,0.9570531249046326,0.975567638874054,0.9523006677627563,0.9755077362060548,0.9521864652633668,0.9777972102165222,0.9565589427947998,0.9783924619356791,0.9762908617655436,0.9577053586641947,0.953682025273641,-0.002101600170135498,-0.004023333390553718
cju7ebe962hr409872ovibahw,0.8280031085014343,0.7064891457557678,0.7167344093322754,0.5585238337516785,0.851871132850647,0.7419646978378296,0.9615393280982972,0.9259275794029236,0.9563307166099548,0.9163158535957336,0.9564605355262756,0.91655433177948,0.7988695502281189,0.9581101934115092,0.6689925591150919,0.9195992549260458,0.15924064318339026,0.25060669581095385
cju7ecl9i2i060987xawjp4l0,0.8704078793525696,0.7705506086349487,0.8673092126846313,0.7657069563865662,0.8667603731155396,0.7648518085479736,0.8838434219360352,0.7918632626533508,0.8785111904144287,0.7833436727523804,0.8945696949958801,0.8092502355575562,0.8681591550509135,0.8856414357821146,0.7670364578564962,0.7948190569877625,0.017482280731201172,0.02778259913126624
cju7eea9b2m0z0801ynqv1fqu,0.0051361066289246,0.0025746652390807,0.4888170659542084,0.3234665095806122,0.4351870715618133,0.2781080305576324,0.9452404379844666,0.8961668014526367,0.7463095784187317,0.5952901840209961,0.9104729890823364,0.8356589078903198,0.3097134147149821,0.8673410018285116,0.2013830684591084,0.7757052977879842,0.5576275871135294,0.5743222293288759
