epoch,train_loss,val_loss,mean_dice,std_dice,median_dice,mean_iou,std_iou,median_iou,mean_precision,std_precision,median_precision,mean_recall,std_recall,median_recall,mean_specificity,std_specificity,median_specificity,global_dice,global_iou,failure_rate_dice_lt_0_10
1,0.624181026160115,0.5969411622394215,0.7093315579589795,0.1964727084681069,0.7571299374103546,0.5805687268518589,0.20953610207108153,0.6091793775558472,0.6024062053554438,0.2301153840914647,0.6208886206150055,0.9692958390170877,0.08206513858142783,1.0,0.9116350974548947,0.05591719858303556,0.9268692433834076,0.7711297558435811,0.627511130251956,0.022727272727272728
2,0.5846851769119802,0.5820132060484453,0.7861605846450072,0.17673041165039816,0.8287617862224579,0.6757150706094266,0.19875700512305833,0.7076002955436707,0.7212798626437276,0.20319787914023776,0.7293839752674103,0.9436804327097806,0.14449027379627308,0.9988984167575836,0.952760061757131,0.04124345367141644,0.9652324616909027,0.8145064489444857,0.6870610542075856,0.011363636363636364
3,0.5650604571958985,0.5621308142488654,0.8095498521896926,0.15317179320485236,0.854085385799408,0.7026727619496259,0.18075264651788486,0.7453326284885406,0.7330820831385526,0.1891161209365228,0.764645516872406,0.9614591811868277,0.10394016099600717,0.9997953176498413,0.9544667608358643,0.03586053291283807,0.9658248722553253,0.8565549387836393,0.7491002128886465,0.0
4,0.5468554779736683,0.5505793419751254,0.79355482139032,0.16610921363537737,0.8442202508449554,0.6834107998081229,0.19126881477353183,0.7304341495037079,0.7066423183476384,0.18882801448107162,0.7371233999729156,0.9686703966422514,0.1173217089199409,0.999868243932724,0.9376972297375853,0.07022444760540114,0.9612711668014526,0.839455885291469,0.7233295784730298,0.011363636363636364
5,0.5322700871361626,0.5385083068500865,0.8439668227325786,0.15402010392123872,0.8967668116092682,0.754589348862117,0.18813176945202462,0.8128539323806763,0.8024096109650352,0.1647319949821005,0.842321515083313,0.9391390718519688,0.15964358487800812,0.997214138507843,0.9699149280786514,0.031299565556729324,0.9792889654636383,0.8745067711210475,0.7769986959336106,0.0
6,0.5134429052622631,0.5150852961973711,0.8780216916718266,0.1272483006248641,0.9258579909801483,0.8008905938741836,0.16509361311824614,0.8619512021541595,0.8334613728590987,0.15857940044818325,0.8795448243618011,0.9557872722772035,0.09423048391211798,0.9929576218128204,0.9720920019529082,0.043457786447141745,0.9856182336807251,0.8995384437646576,0.8174192352906604,0.0
7,0.4967121626391555,0.5040783340280707,0.8417339956557209,0.1668060921503202,0.8976714909076691,0.7550085934556343,0.2007359484646559,0.8143425285816193,0.7884434022178705,0.18851605558927487,0.8461582362651825,0.9588440778580579,0.1268665395927536,0.9962048530578613,0.9593391730026766,0.056029062385051856,0.9792242348194122,0.8748881258484429,0.7776010065738573,0.0
8,0.47709697605383516,0.49595567854967987,0.8543533814901655,0.17838926880697528,0.9249795377254486,0.7785245391794227,0.21471509118885646,0.8604433834552765,0.8516065173528411,0.15872101727521803,0.8956098556518555,0.9154396344992247,0.19713170142954733,0.9895339906215668,0.9818268221887675,0.018991558858567445,0.9878863096237183,0.8742668501733352,0.7766199745543236,0.0
9,0.4577101673742737,0.47136405923149804,0.8755368979817088,0.12658403917862962,0.9231472611427307,0.7971611615609039,0.16752119098725773,0.8572644591331482,0.8533835851333358,0.1323225036755841,0.8833595216274261,0.9313231266357682,0.15525827105242054,0.9925063848495483,0.9813562441955913,0.01661740453163216,0.9862622916698456,0.8939058039534182,0.8081642658902254,0.0
10,0.4408565705472773,0.44972842931747437,0.8879792744463141,0.12962462158536164,0.9361434280872345,0.8180210939185186,0.1702694357728201,0.8799529373645782,0.8646895838054743,0.14270538345294687,0.9070729911327362,0.9420956559479237,0.13240027070356147,0.9891505539417267,0.9808575612577525,0.030736383757469045,0.9896557033061981,0.9094054658101562,0.8338621158464914,0.0
11,0.42016424434353605,0.4370919953693043,0.8754001225937497,0.154282878219539,0.9267015159130096,0.8036537598818541,0.18840694200299613,0.8634145557880402,0.8562542198395188,0.15093144179584908,0.8864526748657227,0.9292272824624722,0.16281976294615466,0.9899592995643616,0.9826079877940092,0.019638375218121118,0.9885433614253998,0.8983084415876738,0.8153901468413298,0.0
12,0.4024980929162767,0.41468841379339044,0.87887299856679,0.1518624096343663,0.9324710667133331,0.8084854165261443,0.18594771686724096,0.8734887838363647,0.8506052764979276,0.15899967408594823,0.8950726985931396,0.9450532248751684,0.14017630330250924,0.9943155646324158,0.978520008650693,0.0258515032696307,0.9869191646575928,0.9062739159241212,0.8286114129662222,0.011363636363636364
13,0.3835205279215418,0.4038229855624112,0.8885676302015781,0.14476485209429993,0.9463074207305908,0.8226141834800894,0.18197325920741284,0.898086816072464,0.8781041418286887,0.13608010412207291,0.9142883121967316,0.9265940050509843,0.16487232159138587,0.9858807623386383,0.9856004146012393,0.02257295460461443,0.9908643066883087,0.9057067561493806,0.827663664414457,0.0
14,0.36486359918960415,0.38520957123149524,0.8872950740835883,0.1165867891432598,0.9329866170883179,0.8138758743351157,0.15974765438629876,0.874392032623291,0.8734320842406966,0.12104555453903125,0.9023309051990509,0.9296396950429137,0.14652445481539275,0.9907051920890808,0.9836450320753184,0.01874619693751677,0.9898089170455933,0.895828935813602,0.8113135408721247,0.0
15,0.34624138022914075,0.3883457563140176,0.866492064500397,0.1636904900120019,0.9376851320266724,0.7941165378486569,0.20886202684845492,0.8826817274093628,0.8826848000965335,0.129194813866013,0.9218388795852661,0.894917983900417,0.2095853281474681,0.9862958192825317,0.9854905293746428,0.02309419385923391,0.991165429353714,0.8538330516444328,0.7449464956823756,0.0
16,0.32879031186151986,0.3564086177132346,0.8888154570013285,0.16339999706787395,0.9499554336071014,0.827750077767467,0.19414327991265393,0.9046811461448669,0.8909148441796954,0.14686252193478433,0.9304167330265045,0.9199734348803759,0.1697282146828744,0.9759643971920013,0.9854705326936462,0.030389938812312285,0.9934476912021637,0.905219863134866,0.8268508284475626,0.011363636363636364
17,0.3122536467783379,0.3482796007936651,0.8795721009373665,0.15875791246168725,0.9467985033988953,0.8127155503766104,0.19924938723729493,0.8989743292331696,0.8908212686126883,0.11992548271666922,0.92059326171875,0.9107119649310004,0.19581064916425844,0.9899855554103851,0.9854861382733692,0.02203401332505396,0.9922344386577606,0.8717504207984634,0.7726574304733269,0.0
18,0.29561659723821315,0.31305417147549713,0.8937341564080932,0.12258465417028308,0.9380015432834625,0.8253582731227983,0.16153722268335544,0.8832425475120544,0.855322340503335,0.16076200207038283,0.9063521325588226,0.9617469331080263,0.0735661109534724,0.9886443912982941,0.972856266932054,0.0513897667377551,0.9894225895404816,0.9083187994161445,0.8320366778601306,0.0
19,0.2782278970034436,0.31908444382927637,0.8840036616575989,0.18187992854892207,0.9501812160015106,0.8254163896622644,0.20920676589132953,0.9050909876823425,0.9045145119625059,0.14806620174962362,0.9453789293766022,0.8986600654369051,0.20241712542187137,0.9748806953430176,0.9899918125434355,0.01255013538515716,0.9937816560268402,0.890510436968408,0.8026307471835662,0.011363636363636364
20,0.2616030808651086,0.29255158792842517,0.9015965187414126,0.14035656566495566,0.9542778730392456,0.8427286476150833,0.17623776242554565,0.9125547707080841,0.9062804220752283,0.100995468419203,0.9399881660938263,0.9229912612248551,0.17052199652833638,0.9866815805435181,0.9874753701415929,0.015297526683483978,0.993231475353241,0.9156810155989923,0.8444756836059937,0.011363636363636364
21,0.2489961205106793,0.2759250348264521,0.9036890180273489,0.13707973754944616,0.9512243568897247,0.8452939367429777,0.1717445555986921,0.9069862365722656,0.9130324128676545,0.11228038953710795,0.9385932683944702,0.9233282850208607,0.15422623772811536,0.9761256277561188,0.9889965213157914,0.013911393160675129,0.9939616322517395,0.9135826483776933,0.8409131601345283,0.0
22,0.23423233297136095,0.25984898480502044,0.9108019762418487,0.11503779294270751,0.9549646377563477,0.8522259335626255,0.15446880061128995,0.9138110280036926,0.9155748147856105,0.09944711391392935,0.9461439251899719,0.9287576001476158,0.14337586936185698,0.9770039618015289,0.9887093400413339,0.01509771847003326,0.9946633577346802,0.9189870658920176,0.8501166238592157,0.0
23,0.21896414082459728,0.26132924448360095,0.8948177902707286,0.17093687613806335,0.9582788646221161,0.8390947557903113,0.19636067825160802,0.9199001491069794,0.9089094886397832,0.15138659411263075,0.9512330889701843,0.9024438390256742,0.1974538702883184,0.9744786620140076,0.9903341592712835,0.014366629858221113,0.994907408952713,0.9072700696769951,0.8302784105207195,0.022727272727272728
24,0.21075773901409572,0.24130430004813455,0.9096549434418028,0.12113232430355989,0.956979513168335,0.8521704514595595,0.16397686876640327,0.9175079464912415,0.9265699996189638,0.0991852774167896,0.959986537694931,0.9182258205996319,0.1542762534223445,0.9748575091362,0.9887956611134789,0.024816392163662937,0.9961645603179932,0.9108313054788331,0.8362628397791667,0.0
25,0.19725532603986334,0.2329387827353044,0.9037305502728983,0.14309518686239095,0.9566171169281006,0.8471152010289106,0.1784051685199624,0.9168418645858765,0.9070089063183828,0.1238977242878007,0.941123753786087,0.931763675741174,0.1537210247464658,0.9841135442256927,0.9831154109402136,0.03782636905161102,0.9938080906867981,0.9123478118509281,0.8388231291140367,0.0
26,0.18546605110168457,0.22431522065942938,0.9010147865522992,0.133262386420361,0.9543637037277222,0.8411677610129118,0.17880250991110083,0.9127113521099091,0.9153469821268861,0.1197785326628289,0.9494224190711975,0.9154673167927698,0.16026913127573836,0.9816229343414307,0.9890609099106356,0.021968221102620342,0.9947694838047028,0.882272614970796,0.7893450825200562,0.0
27,0.17496820591916942,0.25774398175152863,0.8577980502000586,0.23491563788549016,0.9572841227054596,0.8032822329392233,0.25953371876093306,0.9180680811405182,0.9202519818209112,0.14449556148240023,0.9609541296958923,0.8534318445546721,0.2707521541604204,0.9727604985237122,0.9931963160634041,0.008454722088106662,0.99634850025177,0.8468540806485957,0.7343858799109528,0.022727272727272728
28,0.1629680184402851,0.1962151364846663,0.9185621596195481,0.11782890954552125,0.962488442659378,0.8662308644164692,0.15742270838814207,0.9276894629001617,0.9300100806761872,0.10574738825460335,0.959569126367569,0.9265621727840467,0.13550064916838964,0.9723923206329346,0.9898346967317841,0.01932052976849949,0.9960813522338867,0.9276512415239521,0.8650648720312542,0.0
29,0.15577553619037976,0.19048788872632114,0.9173566136847843,0.1138204302157763,0.9611369669437408,0.8631906069137834,0.15380671627889472,0.9251817762851715,0.9448155577887188,0.07911335449660895,0.9730378687381744,0.9105241589925506,0.14687976381512569,0.9621928930282593,0.9923257719386708,0.01322038891901435,0.9969902038574219,0.9190175374418035,0.8501687763434292,0.0
30,0.14357852875584304,0.1865146647800099,0.9065509756857698,0.13681161942176076,0.9570761919021606,0.8507763643495061,0.1767190535245916,0.9176865220069885,0.9108598130670461,0.13048718446071153,0.9537184238433838,0.9321480955589901,0.1441253017995773,0.9751615524291992,0.9835128939964555,0.04540711517932873,0.9949262142181396,0.9177732308103185,0.8480415167493106,0.0
31,0.13944825981602524,0.17908152666958896,0.9111867398023605,0.1473916985942287,0.9624784290790558,0.8607213806191628,0.1805122683960521,0.927670806646347,0.9353230151940476,0.1112209356555687,0.9691546559333801,0.9103519235822287,0.17426953442051626,0.9723930954933167,0.9912066967649893,0.017031723852461666,0.9965011775493622,0.915418242546297,0.8440288030433507,0.0
32,0.1295495701558662,0.18977070396596735,0.893026315183802,0.1688557610687828,0.9598532617092133,0.8367704175073992,0.2012170396147129,0.9228055775165558,0.9299771982160482,0.07693609137805993,0.9517305195331573,0.8972434338859536,0.20831859883054837,0.9823874533176422,0.9918328164653345,0.008353519058260536,0.9945782423019409,0.8903493537728729,0.8023690670573813,0.0
33,0.12233543757236365,0.15881587158549915,0.9229223142293367,0.11242272101635939,0.9619311690330505,0.8720392295244065,0.14839523946910652,0.9266554415225983,0.9381398863413117,0.07786786502339124,0.9625210165977478,0.927098571407524,0.1414897770787991,0.9705110192298889,0.9880822747945786,0.02620123718477026,0.9964914917945862,0.9283481944073406,0.8662778241613073,0.0
34,0.11780356818979437,0.15079979463057083,0.9239193336530165,0.1096335985894748,0.9595043063163757,0.872666020962325,0.14178296091348339,0.9221607446670532,0.9378721774979071,0.07701618419487863,0.9632388949394226,0.9283381331373345,0.13510741913132313,0.9743918180465698,0.9905842474915765,0.016614172131415705,0.9964035153388977,0.9260177620942673,0.8622281909429046,0.0
35,0.11160868406295776,0.15320640802383423,0.9169574495066296,0.12863894243148388,0.9617093205451965,0.8648305305872451,0.1575179848162621,0.926243782043457,0.9381197728216648,0.10307466364668497,0.9696768820285797,0.9173402553424239,0.13932743157910277,0.9654555022716522,0.9882697713646021,0.022493520456926337,0.9963715374469757,0.91813956389743,0.8486672894750238,0.0
36,0.10650607311364377,0.13952895186164163,0.9222022379663858,0.12151835500916716,0.9626397788524628,0.8724689251658592,0.15271590858377923,0.9279710650444031,0.9336849652569402,0.1019430174545271,0.9636803269386292,0.9316133250567046,0.12956032708902548,0.9729966819286346,0.9889553460207853,0.020582788066102004,0.9959685802459717,0.9333174104869324,0.8749720110393749,0.0
37,0.10067973534266154,0.13545370643789117,0.9240412729030306,0.10850812562326936,0.962101936340332,0.8728618979115378,0.1427064641182497,0.9269714951515198,0.9260934340682897,0.08513310375437674,0.9512419998645782,0.9407487308437174,0.13146086541608165,0.9803382754325867,0.9881490909240462,0.017394702748939526,0.9947971701622009,0.9302458918367124,0.8695885201449713,0.0
38,0.09667722323928217,0.13892913948405872,0.9191637675870549,0.11206567924632323,0.9609965682029724,0.8656043415381149,0.14971869085206294,0.9249214828014374,0.9465357078747316,0.06872830501014784,0.9725589454174042,0.9130148645490408,0.149422768632627,0.9666528105735779,0.991876212710684,0.016361413986458267,0.9969304502010345,0.9212604467611338,0.8540156370414866,0.0
39,0.09125569252052693,0.13089975985613736,0.9240519072521817,0.10343757889045153,0.9603726267814636,0.8721640748395161,0.1415130567549485,0.9237680733203888,0.9409992376511748,0.05865221344744726,0.958757221698761,0.9233835505490954,0.14206043218839903,0.9743349850177765,0.9895621172406457,0.016777904521488113,0.9951422810554504,0.9212520063413281,0.8540011307152686,0.0
40,0.08748518698143237,0.12866887721148404,0.9208160604942929,0.11356908945380652,0.9626500904560089,0.8684164900332689,0.14779676817586057,0.9279898107051849,0.9319082901559093,0.09605743955201927,0.9692695438861847,0.9295340270142664,0.1294951211719212,0.9658794105052948,0.9875205931338397,0.022927220916795343,0.9963206052780151,0.9277346300851859,0.8652099154884524,0.0
41,0.08453410623049495,0.13182671503587204,0.9102216180075299,0.1302052903497951,0.9611672163009644,0.8550410311330449,0.16950709813745019,0.9252391159534454,0.9156682030721144,0.12818534938530213,0.9593715667724609,0.9300245424224571,0.13328096271493148,0.9784037172794342,0.9878185384652831,0.023934270448120295,0.9951963424682617,0.9231160894359555,0.8572104015858641,0.0
42,0.08030901412771206,0.1314635385166515,0.9131153391843493,0.13914073332765808,0.9634772539138794,0.8617777113210071,0.17300094691086165,0.9295283257961273,0.9467595922337337,0.1114493280439964,0.979661762714386,0.9072421482679519,0.15006122520848628,0.959696888923645,0.9901860715313391,0.03691089887186891,0.9975979030132294,0.9077929012247997,0.8311545514058676,0.0
43,0.07772632500137945,0.12218710509213535,0.919729314067147,0.12469403021115062,0.9596094191074371,0.8691363190724091,0.15725723924760743,0.9223550260066986,0.9414666005494919,0.10236304915237543,0.9712843298912048,0.9220654402266849,0.13764066784714188,0.9655729532241821,0.9898304295810786,0.024378861208036354,0.9971051216125488,0.9236500309177335,0.8581317020014174,0.0
44,0.0741834616420245,0.12349959937008945,0.9162359874356877,0.1479847989834758,0.9623579382896423,0.868341701105237,0.17244267479054123,0.9274472594261169,0.9453726641156457,0.07130828245342463,0.9684689342975616,0.9129602260125632,0.17558862285548135,0.9729969799518585,0.9921547242186286,0.011595697726394417,0.995891273021698,0.9188475908780829,0.8498779479429283,0.011363636363636364
45,0.06899736264739374,0.10909992456436157,0.9280309799042615,0.09979052281465643,0.9635259211063385,0.8783169693567536,0.1378753771810415,0.929619163274765,0.9366441182792187,0.08698768126013495,0.9651645421981812,0.9350828321819956,0.1214730236697162,0.9745285511016846,0.9895690083503723,0.017679837548491974,0.9961326420307159,0.9314947789537886,0.8717737270780329,0.0
46,0.06609412817039875,0.12157830866900357,0.911392460831187,0.13106174337855192,0.9629488289356232,0.8570250824771144,0.16839833453444417,0.9285458028316498,0.9161567792973735,0.1301269142053478,0.9584715068340302,0.9300150668079202,0.13571674163034222,0.977670282125473,0.9849062636494637,0.030054552162656598,0.9950936436653137,0.914143017067266,0.8418631840431791,0.0
47,0.06638245811366071,0.11051297729665582,0.9239503925835545,0.12193345542074123,0.962989866733551,0.8754219805652445,0.15157517524328848,0.9286214709281921,0.9566863917491653,0.048169599345050045,0.9744433760643005,0.9129470451311632,0.15324050891731325,0.9683234989643097,0.9922567382454872,0.013872237725370249,0.997049480676651,0.9262964266654581,0.8627115059221749,0.0
48,0.06435606575975514,0.10484537753191861,0.9260903989726846,0.10634371273530217,0.9617638885974884,0.8758406635712493,0.13964473774974875,0.9263446629047394,0.9375910725105893,0.08103935450123839,0.9729186594486237,0.9316775438121774,0.12797985896112857,0.9695989787578583,0.9892839173024351,0.019198944519595286,0.9963095486164093,0.9334395739266165,0.8751867696452451,0.0
49,0.06140680445565118,0.11053104834123091,0.9185320149091157,0.12499944460002715,0.9640097916126251,0.8674275358630852,0.16008564406879708,0.9305202662944794,0.944678620858626,0.07192879231113596,0.9718874394893646,0.9169124031270092,0.15829617549781563,0.9647015035152435,0.9910114055330103,0.016345823739036938,0.9967733919620514,0.9233137688829046,0.8575513851653356,0.0
50,0.05961740378177527,0.1396395726637407,0.8873996334150434,0.19350614004257458,0.9599463641643524,0.8353018372065641,0.22158682971298735,0.9229781329631805,0.933205879886042,0.09693153015313634,0.9644328057765961,0.88331909481944,0.22730601366869352,0.9738320410251617,0.9918208921497519,0.011252175617067685,0.995893657207489,0.8879662730858988,0.7985066024481261,0.011363636363636364
51,0.05870715175012146,0.10706725987521085,0.9164040723646228,0.1427482477463772,0.9618836939334869,0.8675873368682171,0.17096650719359913,0.9265666007995605,0.9420583133416419,0.11588031271723966,0.9758106172084808,0.9174415770579468,0.14117969634931507,0.967866837978363,0.9904362545772032,0.02225861697460121,0.9961641132831573,0.9210368858910676,0.8536314854949569,0.011363636363636364
52,0.054900953263947457,0.10391586477106268,0.9208601288158785,0.12651518409869159,0.9650371968746185,0.8716781809926033,0.16034218435627057,0.932436615228653,0.9462379596450112,0.060885670132007505,0.9644820988178253,0.9174667365679686,0.16084948166915417,0.9714188277721405,0.9918966171416369,0.012996054867049503,0.9961117208003998,0.9154685167145433,0.8441142842080046,0.0
53,0.05320635528275461,0.1070622368292375,0.9170558704909954,0.13003668007556984,0.9624151289463043,0.8658581337129528,0.16259637975348357,0.9275535941123962,0.9586270647970113,0.05070468043119007,0.9769226908683777,0.9014765628698197,0.16522001025854136,0.9638397693634033,0.9923296123743057,0.014253484186911783,0.9975473880767822,0.9095790398122279,0.8341540313528115,0.0
54,0.051055528900840065,0.09483229572122748,0.9282008636404168,0.11581186975051246,0.9643217921257019,0.881435740231113,0.14630330287968069,0.9311038553714752,0.9604355435479771,0.04505684798287644,0.9770646393299103,0.914538209411231,0.14728049886311162,0.9653885960578918,0.9935933480208571,0.009292136198577794,0.9970657825469971,0.9287353556719895,0.8669523078067951,0.0
55,0.050132676808521,0.09864593094045465,0.9233073470267382,0.13093181815590946,0.9678933620452881,0.8773713990707289,0.16598408533397843,0.9377843141555786,0.9548632976683703,0.052163832344216655,0.9753203988075256,0.9150305903432044,0.16855013538589264,0.9675180017948151,0.9932833937081423,0.01028831325946576,0.9965772032737732,0.9280113788018662,0.8656914452736044,0.0
56,0.04950083325607608,0.1043444113297896,0.9165753151544116,0.14726276879246364,0.9642284214496613,0.8693612789396535,0.17596844871534859,0.9309276938438416,0.9452521106736227,0.07628793099154822,0.9691196978092194,0.912070588462732,0.18005206332363005,0.9712953269481659,0.9919039803472433,0.012145529461674734,0.9957478046417236,0.9225424930083813,0.8562216950756859,0.0
57,0.0490024806273104,0.10513546791943637,0.9144885265691713,0.1250930601397501,0.9628925025463104,0.8612316005270589,0.16641825863488566,0.928440511226654,0.9133170199665156,0.1299447712423424,0.961386114358902,0.9408987381241538,0.12583513983029762,0.9792435467243195,0.975131902505051,0.06965398050241045,0.9947266578674316,0.9085943053840716,0.8324991429551011,0.0
58,0.04740408454278503,0.11571759527379816,0.9027757350016724,0.16619149966197225,0.9626849889755249,0.852369973689995,0.19947009412820269,0.9280546009540558,0.9534147395329042,0.0574394333503062,0.9742085337638855,0.8916096532378684,0.20461942362387506,0.9718948304653168,0.9935618198730729,0.009061106047080646,0.996694415807724,0.9037416857193765,0.8243875316124083,0.0
59,0.045407297635319255,0.09717667644674127,0.9210458755154501,0.1390304378253663,0.9662509858608246,0.8748564577915452,0.16861706792357847,0.9347082376480103,0.9496460915966467,0.06592187454680254,0.972829282283783,0.9197216421704401,0.1672892493964801,0.9741159081459045,0.9906529188156128,0.02225122105664661,0.9965298473834991,0.9267179751310178,0.8634431152838409,0.0
60,0.04553653736307164,0.08676356077194214,0.9296018843623725,0.10133758072027102,0.9628161787986755,0.8811601942235773,0.13711224426362537,0.9282989799976349,0.9343461414629762,0.08269967270662341,0.9626590609550476,0.9408856642178514,0.12331015131013252,0.9758875668048859,0.9877447255633094,0.025582236961512825,0.9954171776771545,0.9346537328441302,0.877323891451141,0.0
61,0.043401376767591995,0.09708909554914995,0.9174333607608621,0.13825950791014346,0.9680073857307434,0.8693049082701857,0.17445246239696452,0.9379983842372894,0.9429107521745291,0.09099233593927236,0.9685030579566956,0.9196683964268728,0.16356177186018794,0.9771912693977356,0.9919958527792584,0.013161805402262075,0.996135950088501,0.9275203350575782,0.8648372229112417,0.0
62,0.042369422888514974,0.09024145386435768,0.9247617396441373,0.12961548043792398,0.9664959907531738,0.8786169391294772,0.1582305207681396,0.9351646602153778,0.9399225569584153,0.0721112254658892,0.9619747996330261,0.9333473917266185,0.1541289851495061,0.9774071872234344,0.9888691306114197,0.021629577320876975,0.9947796165943146,0.9334758749475037,0.8752505949188544,0.0
63,0.0423257832575326,0.09634962948885831,0.918293593112718,0.13520760065507395,0.9655811488628387,0.8692184353077953,0.16655071004045208,0.9334527850151062,0.9502635483037342,0.06313214718574567,0.9749991297721863,0.9129525611854412,0.16661807309654056,0.9671176075935364,0.9921068887818943,0.015644315995542755,0.9963451325893402,0.924721642106774,0.8599834966627337,0.0
64,0.04041901802775836,0.09155660325830633,0.9227687296542254,0.1232857300679822,0.9642163813114166,0.8739167389205911,0.15500064492493565,0.9309061765670776,0.942128717221997,0.06865022004452034,0.9676481783390045,0.9253597193482247,0.15162692494124716,0.9725842475891113,0.98941481993957,0.02380683017602189,0.9959448277950287,0.9276911532076425,0.865134290351785,0.0
65,0.039884310178082395,0.08861663124778053,0.9250707025216385,0.12095928077073027,0.9624029695987701,0.8768696454776959,0.1491386810080625,0.9275305867195129,0.9538788003000346,0.0588289118380757,0.9744593501091003,0.9165595636110414,0.14728214248468804,0.9634266197681427,0.9916917051781308,0.021588424540626247,0.9968558251857758,0.9277562754434345,0.8652475684361034,0.0
66,0.03890804389510492,0.08144949782978404,0.9317847864533012,0.10844534043394041,0.9646435976028442,0.8856974111192606,0.13594370702176914,0.9317022264003754,0.9517423551190983,0.056076879930133654,0.9716479778289795,0.9282316513867541,0.13336958022410558,0.9646622240543365,0.9913381737741557,0.017777668610307662,0.9967755973339081,0.934347654848283,0.8767846841413032,0.0
67,0.03857035347909638,0.0850807482546026,0.9276751015673984,0.1106441858110741,0.9655432403087616,0.8798771586946466,0.1462895771557773,0.9333831071853638,0.9448522752658888,0.08594107359662406,0.9770100116729736,0.9288934834978797,0.13192318828777191,0.9622984826564789,0.9888065145774321,0.02737876502367966,0.9970724284648895,0.9309682595553714,0.8708518412822526,0.0
68,0.037322118426814224,0.09989456696943803,0.911740661344745,0.15122302454705758,0.9648666083812714,0.8625845245339654,0.18257550066773914,0.9321182370185852,0.9487614557147026,0.05508203189137713,0.9665199518203735,0.9045021586458791,0.1862824904446622,0.9695044755935669,0.9922860955650156,0.011693577948142088,0.9960478842258453,0.9135713755538638,0.8408940587510848,0.0
69,0.03789309359560109,0.08276984908364036,0.9282144777138125,0.11598518412742886,0.9646063148975372,0.881069038825279,0.1431892996435393,0.9316324293613434,0.9413974996317517,0.06930533192455926,0.9659053683280945,0.9335222437300466,0.1372035168940231,0.9765399098396301,0.9900164793838154,0.01738079801636704,0.9957788586616516,0.9334784279741376,0.8752550838713891,0.0
70,0.03694616243092701,0.09816572882912376,0.9128824177261611,0.15983177790689213,0.9649844765663147,0.8656812536725986,0.1816617203695844,0.932338148355484,0.9405001605098898,0.10759704342168815,0.9679307341575623,0.9079980479860255,0.1851599260708954,0.9719145596027374,0.9922565499489958,0.0122687590274593,0.9963253140449524,0.9193388220013445,0.8507188383540633,0.011363636363636364
71,0.03483653971643159,0.08506603132594716,0.9254650856283578,0.1155958017736988,0.9633471071720123,0.8769497915425084,0.1492033907612871,0.9292861819267273,0.9433870417150584,0.06542853592622777,0.9666655361652374,0.9274963941425085,0.14728532463635968,0.9751003086566925,0.9894926060329784,0.018323596462182214,0.9959640204906464,0.9309647732483857,0.8708457401139463,0.0
72,0.034552356811484906,0.09672846577384255,0.9127250571565871,0.14669175552268932,0.9626562893390656,0.8620225104122338,0.17244738346028068,0.9280013740062714,0.9336053319275379,0.10051360857094208,0.9636173844337463,0.9120141334027391,0.17651871666717345,0.9781812429428101,0.9914581714705988,0.010424937869226122,0.9956697821617126,0.9170874607801416,0.84687121772625,0.011363636363636364
73,0.03363100747869472,0.09049586816267534,0.9191411825066264,0.11703947627265496,0.9614491760730743,0.8667292234233834,0.154659981617771,0.9257626235485077,0.9467423470182852,0.0735972437252951,0.973234623670578,0.9112704758617011,0.14929501844204393,0.9648592472076416,0.9895025092092428,0.029650280044550264,0.9972110688686371,0.9201179982564465,0.8520542029322181,0.0
74,0.03433824488610932,0.08841466903686523,0.9208277709443461,0.13465193677825327,0.9635613858699799,0.8727734538472511,0.16070794574356476,0.9296849966049194,0.9388927106152881,0.09686264723762233,0.9738695323467255,0.92039215776392,0.1598778997232057,0.972445011138916,0.9900116480209611,0.016142481026531614,0.9965502023696899,0.9343130209179261,0.876723690217833,0.0
75,0.033435091827854965,0.08418908986178311,0.9249549470841885,0.11754178084361032,0.9643469750881195,0.876570587977767,0.1515481182732738,0.9311487078666687,0.951785265722058,0.05189583205225752,0.9687293171882629,0.9191114098172296,0.15381256009260608,0.9749319553375244,0.9923453689976172,0.011554897710201986,0.9963370263576508,0.9310238653810053,0.8709491589471697,0.0
76,0.03320497274398804,0.07695632089268077,0.9316804930567741,0.10188150822435663,0.9605293571949005,0.8842671860686757,0.1310388854351097,0.9240563213825226,0.9405360282822088,0.05896922343538816,0.96254962682724,0.9380468597466295,0.12938789072026458,0.977541595697403,0.9893003776669502,0.01671496171193941,0.995178610086441,0.9361277389768594,0.879924943316575,0.0
77,0.03179163583601364,0.07405796918002042,0.9343843822452155,0.09979449434314668,0.9633796811103821,0.8886787041344426,0.12962479546024605,0.9293466806411743,0.9492974477735433,0.06107447599309013,0.9737292528152466,0.9334777613932436,0.12404430458557356,0.9712188243865967,0.9898364449089224,0.021264194450892136,0.9964838027954102,0.9385536402290546,0.8842214508433508,0.0
78,0.031727259809320625,0.09063122489235619,0.9173898066986691,0.13635324275610364,0.9652338325977325,0.8686208376152948,0.17214613180594976,0.9328039884567261,0.9501410925930197,0.060827285740352816,0.9735236167907715,0.9106037332253023,0.17286734432348752,0.971561849117279,0.9918701655485413,0.012037769859956575,0.9961422383785248,0.922762629175152,0.8566010186488343,0.0
79,0.030548650809008666,0.08990697427229448,0.918190079995177,0.13401162739525474,0.9640324413776398,0.8691731740466573,0.16840402030856583,0.9305624663829803,0.9607795707204125,0.05135571851421073,0.9821222424507141,0.9038000668991696,0.17180622256988856,0.9621248841285706,0.9928609891371294,0.013905845239723243,0.9974548816680908,0.9250137175456783,0.860488857061289,0.0
80,0.030118995242648654,0.08224300904707475,0.925260832363909,0.11528071424065688,0.9643995463848114,0.8767194207757711,0.15077471135870557,0.9312468767166138,0.9471140889958902,0.06378368785427896,0.9710505604743958,0.9242984967475588,0.15029778679962466,0.9750875532627106,0.9907561621882699,0.01900616968518396,0.9963259994983673,0.9301083098877762,0.8693481017599258,0.0
81,0.030604511198371348,0.08120553601871837,0.9261176630177281,0.11444860734912762,0.9669200479984283,0.8778753358532082,0.14893905970519122,0.9359586238861084,0.9483331177722324,0.0596868750851078,0.9659922122955322,0.9220011591572653,0.14767280781737277,0.9771452844142914,0.9911569431424141,0.015375606933639747,0.9960644245147705,0.9309158321092245,0.8707600954804685,0.0
82,0.02931738863087664,0.10372304916381836,0.9032048770247705,0.1718255874234495,0.9625242352485657,0.8541578834199093,0.2006872146498157,0.9277560412883759,0.9509681865403598,0.10325583365533755,0.9783801436424255,0.8866946893659505,0.20574175902110273,0.963119626045227,0.9942126409573988,0.008756888796532431,0.997396320104599,0.9075524314265971,0.8307514772647177,0.011363636363636364
83,0.0291959878170129,0.09731025045568292,0.9091517792548984,0.16094116939407951,0.9622963070869446,0.8604359302712097,0.18798797815826962,0.9273330569267273,0.9489222646436908,0.09560054860656016,0.9739752411842346,0.8956204669719393,0.1915890872165446,0.964386373758316,0.9933188340880654,0.01098089389114097,0.9972451627254486,0.9110532355997983,0.8366370748175351,0.011363636363636364
84,0.02873962094085385,0.08589079705151645,0.9208661888472058,0.14248419007748991,0.9658796191215515,0.8749708291143179,0.168481804541198,0.9340108931064606,0.9497967328537594,0.0697932195447608,0.9735025465488434,0.9142362115566026,0.17075400830712606,0.9717167913913727,0.991686379367655,0.013561119079613649,0.9969779551029205,0.9282438148900898,0.8660960653050971,0.011363636363636364
85,0.028399436160771535,0.0758748162876476,0.9304909330200065,0.10731965851051264,0.9652890861034393,0.8838778285479004,0.14129758200898765,0.9329070746898651,0.951181602071632,0.05987486699462704,0.9719012081623077,0.925900572064248,0.13867639499793732,0.9723512232303619,0.9916529960253022,0.014476261276679695,0.9965344071388245,0.9344583794676647,0.876979708217143,0.0
86,0.028113540976938575,0.07299450852654198,0.9333099140362306,0.10117163326762285,0.9644517302513123,0.8872026560658758,0.1323639307082149,0.9313441514968872,0.9506861188194968,0.05603665455227372,0.9695111811161041,0.9301871694624424,0.12859038576494802,0.9686270356178284,0.991042010486126,0.015890960424069595,0.9964598119258881,0.9372879717154857,0.8819773812370502,0.0
87,0.028889004028204716,0.08508952097459273,0.9209343486211516,0.13305054095121335,0.9656783640384674,0.8735732607204806,0.16675127097555087,0.933634489774704,0.9501611949367956,0.056601176007775214,0.9680266082286835,0.9154754079539668,0.16829718590998266,0.9767141044139862,0.9920010153542865,0.011321480855622642,0.99628084897995,0.9265507040318827,0.8631527427629959,0.0
88,0.027231646306586987,0.0979690822688016,0.9073542612181469,0.1734777425577468,0.9658770859241486,0.861192354614931,0.19857146520997546,0.9340068399906158,0.948287265798585,0.1028841819249368,0.9759497344493866,0.8963862406407398,0.20273980962582108,0.9688753187656403,0.9939639080654491,0.008700166007475252,0.9970665872097015,0.9103435032915626,0.8354408073016352,0.011363636363636364
89,0.02912435146293255,0.09439358386126431,0.9112721892835741,0.16772076269568953,0.9664682447910309,0.8661429978568446,0.19372956984927697,0.9351125359535217,0.9453929175030101,0.08235299029991879,0.9707943201065063,0.907461553812027,0.19800875329787132,0.9774988889694214,0.9924902184443041,0.010417175935299703,0.9963173568248749,0.9189060264521555,0.8499779380293566,0.011363636363636364
90,0.027509540620476308,0.07072370702570135,0.9348155500536616,0.10190870976570326,0.9667950868606567,0.8900052144784819,0.1327984602070362,0.9357244968414307,0.9506831900639967,0.06041844683535625,0.972599595785141,0.9340550753880631,0.12874400459503513,0.9708935618400574,0.9913477647033605,0.016679779022352906,0.996836245059967,0.9389433769846537,0.8849135443086316,0.0
91,0.025847650537587176,0.07250560413707387,0.9328026690266349,0.10947139158478246,0.9670616686344147,0.8882218247110193,0.14121358323878327,0.9362242221832275,0.9516562352126295,0.052883533410882394,0.9700703620910645,0.930930045010014,0.1415480822867802,0.9774264395236969,0.992433678697456,0.011441142865225441,0.9962048530578613,0.938468412793836,0.8840701719143254,0.0
92,0.02778801412293405,0.09169696135954424,0.9132872017269785,0.16439029437672448,0.96711066365242,0.8681417097422209,0.18787498967648816,0.9363166093826294,0.9416149858046662,0.10765706989813904,0.9713500738143921,0.9074497736926953,0.19198015921004233,0.967295914888382,0.9933974783528935,0.009124466582539424,0.9964638948440552,0.9195909470670286,0.8511507234881391,0.011363636363636364
93,0.026183490801339197,0.08045492388985374,0.9245565899393775,0.12146325601072636,0.9663345217704773,0.8770899332382462,0.15713978490023625,0.9348619878292084,0.9499921222979372,0.0550177556892135,0.9676370024681091,0.9198145534504544,0.15880210580349594,0.9720154106616974,0.9924569712443785,0.010479086082270954,0.9959509670734406,0.9284815314505457,0.8665100590449577,0.0
94,0.025916308465630117,0.08333201841874556,0.921555230055343,0.14119184292697093,0.9652280211448669,0.8756011757068336,0.1657914839945963,0.932794064283371,0.9435745914551344,0.09646058345505963,0.975020706653595,0.9173502770718187,0.16621753512344709,0.9663922190666199,0.9912808523936705,0.015082929532460973,0.9965618252754211,0.9268747157971482,0.8637152897628929,0.011363636363636364
95,0.026651561862290507,0.08393425291234796,0.9208005583337084,0.14263399922060988,0.9659916460514069,0.8746153844562783,0.1667108741933767,0.9342207312583923,0.9430686457251961,0.10063335787861193,0.972131073474884,0.9165870769330385,0.1678314399219627,0.969657301902771,0.9918955036185004,0.013169975200575114,0.9968308210372925,0.9269093440540483,0.8637754311978081,0.011363636363636364
96,0.025916561935887192,0.0815280404957858,0.9231520042839375,0.13226452552841567,0.9651288986206055,0.8763087598437612,0.1591179722111158,0.9326081871986389,0.9550146663730795,0.057866457839233325,0.9775106906890869,0.9155755869366906,0.1584238843327586,0.9608295559883118,0.9927713925188238,0.012668242610001889,0.9974788725376129,0.9285086525594818,0.8665573033113372,0.0
97,0.024645162351203686,0.08943466706709428,0.915094086477025,0.15130537996879104,0.96514493227005,0.8678551668047227,0.1795001195052669,0.9326378405094147,0.9539233527400277,0.07631134047350688,0.9775797426700592,0.9000641023316844,0.18033777854438168,0.9606823921203613,0.9940966327082027,0.009312288849759064,0.9974762201309204,0.9201474620860832,0.8521047363222852,0.011363636363636364
98,0.024487727820271192,0.08544053814627907,0.9190463596446947,0.13573027641883548,0.9655181169509888,0.8710470685566013,0.16946245011322833,0.9333349466323853,0.9559621980244463,0.05259023791329725,0.9751238524913788,0.9091306824914434,0.17173334528690695,0.9669596552848816,0.9936709952625361,0.009128789164117126,0.99711874127388,0.9264331889099399,0.8629487977271565,0.0
99,0.024137423496053675,0.08896727453578603,0.9152910258536312,0.15905008609117072,0.9645044505596161,0.8700897684638303,0.18395361311020905,0.9314424097537994,0.9506358584727753,0.10165907216710043,0.9741519391536713,0.9026675661179152,0.18756626137987584,0.9696853756904602,0.9937172342430461,0.009279745892507555,0.9965748190879822,0.9203878284106153,0.85251709144372,0.011363636363636364
100,0.02371621974790939,0.08541482145136053,0.9186874871692535,0.15225577787051378,0.9664973616600037,0.8737316298489035,0.1761337249682656,0.9351667761802673,0.9474683058532801,0.10179094272415498,0.9751380681991577,0.9109976309647952,0.17842818435033234,0.9695665836334229,0.9926745688373392,0.0113622085903514,0.9969163835048676,0.9265906751065971,0.863222121904539,0.011363636363636364
101,0.02368724045127329,0.09252826734022661,0.9111557943450118,0.16022321675067952,0.9653871059417725,0.8637485481819815,0.18796023846716145,0.9330903589725494,0.9477579390460794,0.09787725677235574,0.9739606380462646,0.900498436933214,0.1913487721874101,0.9684507250785828,0.993683474985036,0.009154581462718641,0.9967667758464813,0.9148120288014806,0.8429986814092086,0.011363636363636364
102,0.023552143814587832,0.08030658960342407,0.9237677334723148,0.12865160212754886,0.9652302265167236,0.8767300729047168,0.15787030160678878,0.9327971935272217,0.9591317623853683,0.05183232552617149,0.9782983958721161,0.9120651051740755,0.158348226407237,0.9623891413211823,0.9937445704232563,0.009371612833329039,0.997394323348999,0.9309343239195689,0.8707924543351765,0.0
103,0.023519318513195924,0.09819578040729869,0.9052443329710513,0.17122237738801438,0.9662737846374512,0.8571647856469181,0.1983820225332656,0.9347482621669769,0.9509642860767517,0.09730680016854044,0.9763450622558594,0.8902639441657811,0.20358241773089558,0.9676177203655243,0.9939220012588934,0.008802574322961693,0.9967871308326721,0.9031066896981064,0.8233313862125335,0.011363636363636364
104,0.02384002220751059,0.0800375450741161,0.9238877797668631,0.12707833437484242,0.9667544662952423,0.8767317328602076,0.157842652616812,0.9356483519077301,0.958257026293061,0.05067499365802902,0.9779513776302338,0.9126843849027698,0.15864774820430416,0.9658183157444,0.9935337894342162,0.0096032689201682,0.9967189729213715,0.9286621275166187,0.8668246977622168,0.0
105,0.02346180544959174,0.08100142804059116,0.9227853959256952,0.12922150186226203,0.9660353064537048,0.8754500636661594,0.16048923704727572,0.934302031993866,0.9529142264615406,0.054930523974481026,0.9736180007457733,0.915889865972779,0.16169272310909744,0.9708856046199799,0.9927123216065493,0.011336764117356365,0.9960617125034332,0.9272810027681655,0.864421162635351,0.0
106,0.022922967419479832,0.0848819450898604,0.9189108930189501,0.144533691848428,0.965619832277298,0.8723805600099943,0.17190728234977334,0.9335250854492188,0.9531608752228997,0.0559905190866574,0.9762319922447205,0.91094633073292,0.1724574239956807,0.9689586460590363,0.9928872415965254,0.010325459005627615,0.9963484704494476,0.9243198417832469,0.8592887344092838,0.0
107,0.02274950465770683,0.07810657674616034,0.9256793629716743,0.11523908429835589,0.9665736258029938,0.8774954581802542,0.15123905865899864,0.9353097081184387,0.9511203779415651,0.06078333394368389,0.9741608798503876,0.9192918234250762,0.14923316860648872,0.9725348651409149,0.9917550865899433,0.01454139825642502,0.996575266122818,0.929614272298882,0.8684853022988562,0.0
108,0.022727706817665484,0.07818974148143422,0.9254565872251987,0.11542893115037983,0.9665689766407013,0.8772700674493205,0.15255326550953263,0.9353009164333344,0.9597088945182887,0.05097890970525246,0.9776971936225891,0.9108264771374789,0.15352249229274567,0.9673086702823639,0.9944301267916505,0.008130407424319704,0.9970520734786987,0.9282194118273365,0.8660535767025903,0.0
109,0.022163536211456916,0.08102780038660223,0.922543256458911,0.1278070508160431,0.965418815612793,0.8752618310126391,0.16376213815430796,0.9331494867801666,0.9583344263109294,0.048781562258984126,0.9763579666614532,0.9095053747296333,0.1656171178126034,0.970600038766861,0.9940588176250458,0.0082310070861837,0.9966815710067749,0.9245705991106022,0.8597222638194308,0.0
110,0.02378952924651329,0.08975473859093407,0.9137288208373568,0.15362807157027486,0.9670499563217163,0.8667529769749804,0.18514281927960016,0.9362020790576935,0.9604818448424339,0.04915550550224467,0.9785574376583099,0.8991167212582447,0.18819995820396987,0.9668815433979034,0.9947128031741489,0.0077930186137957,0.9972474277019501,0.9183440615618544,0.8490167981584796,0.0
111,0.022497729219571508,0.09537340294231068,0.9079822147138078,0.17046006477828943,0.9662675559520721,0.8615548308324915,0.1975640362742913,0.9347367882728577,0.950408523902297,0.09821089879632322,0.9776748716831207,0.8945196899479594,0.20190948947676643,0.9661728143692017,0.9944648532704874,0.007217948865861809,0.9968244135379791,0.9142086786580321,0.8419745679382803,0.011363636363636364
112,0.022058376760193794,0.07864513180472633,0.9247761392457918,0.12060414869196599,0.9652717709541321,0.8771738391369581,0.15579328462613076,0.9328746795654297,0.9553920403122902,0.054540290726262354,0.9756080806255341,0.914802554317496,0.155771548121915,0.96980881690979,0.993092501705343,0.010539788642776176,0.9966190159320831,0.9283860231054994,0.866343705030737,0.0
113,0.022181090682443946,0.08093335953625766,0.9223176731982015,0.12311853224483359,0.965027928352356,0.8737130129540508,0.15997979879458518,0.9324193298816681,0.9577537842772224,0.04990368415201924,0.97557732462883,0.9090732032941147,0.16176711443213157,0.9697547256946564,0.99333902109753,0.009624427448159997,0.9962611794471741,0.9241720290211616,0.8590332785085629,0.0
114,0.022051014683463356,0.08217384598471901,0.9212184995412827,0.13774873302893986,0.9656001627445221,0.8746627713130279,0.16676889660983324,0.9334883391857147,0.9577547406608408,0.04595582115309149,0.9734141528606415,0.9111437957564538,0.1696596509378747,0.9711606204509735,0.9929899837483059,0.010084393250966453,0.9964674711227417,0.9276335409003189,0.865034087022015,0.0
115,0.021548276597803288,0.08492665941065008,0.9183766821568663,0.14771897316035332,0.9673848152160645,0.8722567001611672,0.1747864378712433,0.9368299543857574,0.9577112617817792,0.050776536480560804,0.9761592447757721,0.9055447265378792,0.1781639522489617,0.9673894345760345,0.9939215582880107,0.008865874194783498,0.9968651533126831,0.9242148848483487,0.8591073364294216,0.011363636363636364
116,0.021588675903551506,0.07831206104972145,0.9250047342343763,0.12360239689742493,0.9666180610656738,0.8783263535323468,0.1587070826352409,0.9353928565979004,0.9583403583277356,0.04785647104089472,0.975642204284668,0.9129030662165447,0.15949187245397642,0.9698863923549652,0.9928015307946638,0.010904150055795429,0.9968719482421875,0.9289736587622404,0.8673677042234575,0.0
117,0.02114905793257434,0.08857531981034712,0.9146182777529414,0.15338157374788638,0.9666333794593811,0.8678382440385494,0.1829841756779347,0.9354214668273926,0.9573187225244262,0.0498034993701474,0.9754220843315125,0.9028384454590692,0.18659467204941058,0.9691123068332672,0.9935191422700882,0.009540773314645179,0.9970607161521912,0.9203985719690682,0.852535526604271,0.011363636363636364
118,0.02104952178820215,0.08267282355915416,0.9204387756233866,0.129775696733596,0.9662039875984192,0.8724017756229098,0.1680817158098937,0.9346176981925964,0.9610180407762527,0.048897874890219364,0.9782077968120575,0.9048299504951998,0.17023218784078642,0.9664662480354309,0.9942425374280323,0.008654554930071615,0.997237890958786,0.9246709418550523,0.8598958010585235,0.0
119,0.021436480560688056,0.0714962590824474,0.9316559315405109,0.10344331464146679,0.9662587344646454,0.8850143658505245,0.1372719455556157,0.9347200989723206,0.9537275027145039,0.05358695157481781,0.97273388504982,0.9250819083641876,0.13551559155559204,0.9720273017883301,0.9920561869036068,0.013146858715410313,0.9965098798274994,0.9350629731240447,0.8780453205454803,0.0
120,0.02092493844754768,0.07250189239328558,0.9305706918239594,0.10527388122825301,0.9662924408912659,0.8836086482148279,0.1400543689291231,0.9347831606864929,0.9519385559992357,0.05459659808120114,0.9718352854251862,0.9260093171826818,0.13983039420898372,0.9733920097351074,0.9915406866507097,0.014134141448347771,0.9959666728973389,0.9350309645179117,0.8779888741973119,0.0
