image_id,dice_a,iou_a,precision_a,recall_a,specificity_a,tp_a,fp_a,fn_a,tn_a,dice_b,iou_b,precision_b,recall_b,specificity_b,tp_b,fp_b,fn_b,tn_b,dice_difference_b_minus_a
ck2bxw18mmz1k0725litqq2mc,0.5762025713920593,0.4046941995620727,0.9738502502441406,0.4091402590274811,0.9951609373092652,12811.0,344.0,18501.0,70744.0,0.2555275857448578,0.1464784294366836,0.9568911790847778,0.1474514603614807,0.9970740675926208,4617.0,208.0,26695.0,70880.0,-0.32067498564720154
cju7dubap2g0w0801fgl42mg9,0.6914198398590088,0.5283740758895874,0.9851598143577576,0.5326133370399475,0.9972801804542542,13808.0,208.0,12117.0,76267.0,0.4372501373291015,0.2797953486442566,0.9906020164489746,0.2805400192737579,0.9990977644920348,7273.0,69.0,18652.0,76406.0,-0.2541697025299073
cju32zhbnc1oy0801iyv1ix6p,0.822970986366272,0.6991934180259705,0.703294575214386,0.9917288422584534,0.8585466742515564,25659.0,10825.0,214.0,65702.0,0.6618582606315613,0.4946099817752838,0.4967654347419739,0.9913036823272704,0.6604858636856079,25648.0,25982.0,225.0,50545.0,-0.1611127257347107
cju85plp7lmkw0850rx42jdpf,0.6523444652557373,0.4840587675571441,0.9363603591918944,0.5005255341529846,0.984958827495575,15714.0,1068.0,15681.0,69937.0,0.5177897214889526,0.3493362069129944,0.9985439777374268,0.3495142459869385,0.9997746348381042,10973.0,16.0,20422.0,70989.0,-0.13455474376678467
cju8clorgsuwn08714toqb7v6,0.9584540128707886,0.9202225208282472,0.9320928454399108,0.9863497018814088,0.9897828102111816,12573.0,916.0,174.0,88737.0,0.8830991983413696,0.790669322013855,0.8128917217254639,0.9665803909301758,0.9683669209480286,12321.0,2836.0,426.0,86817.0,-0.07535481452941895
ck2bxskgxxzfv08386xkqtqdy,0.9369859099388124,0.881442666053772,0.9241083264350892,0.9502274990081788,0.9940513372421264,6892.0,566.0,361.0,94581.0,0.8842684626579285,0.7925458550453186,0.8248985409736633,0.9528471231460572,0.9845817685127258,6911.0,1467.0,342.0,93680.0,-0.0527174472808839
cjyzkpsbjdsjq07211dfi4sru,0.9594152569770812,0.921996295452118,0.9337326884269714,0.9865506291389464,0.9982277154922484,2494.0,177.0,34.0,99695.0,0.9111913442611694,0.836870014667511,0.8379814028739929,0.9984177350997924,0.995113730430603,2524.0,488.0,4.0,99384.0,-0.048223912715911754
cju87kbcen2av0987usezo8kn,0.3317969143390655,0.1988947987556457,0.2121739834547042,0.7606468200683594,0.8165339231491089,4751.0,17641.0,1495.0,78513.0,0.2856613993644714,0.166630670428276,0.1710909754037857,0.8647134304046631,0.727863609790802,5401.0,26167.0,845.0,69987.0,-0.046135514974594116
cju16b6ynq8e40988m8vx0xnj,0.960943639278412,0.9248234033584596,0.9487577676773072,0.9734466075897216,0.9990150928497314,1833.0,99.0,50.0,100418.0,0.9164329767227172,0.8457556962966919,0.9708853363990784,0.8677642345428467,0.999512493610382,1634.0,49.0,249.0,100468.0,-0.0445106625556948
cjyzkmjy8evns070165gf9dmq,0.9043636918067932,0.8254232406616211,0.9705442190170288,0.8466325402259827,0.9972305297851562,8435.0,256.0,1528.0,92181.0,0.8601711988449097,0.7546494007110596,0.9880208373069764,0.7616179585456848,0.9990047216415404,7588.0,92.0,2375.0,92345.0,-0.044192492961883545
cju32upim1z7u0988l883nqp6,0.9539088010787964,0.9118791818618774,0.923218071460724,0.986710250377655,0.9872503876686096,13587.0,1130.0,183.0,87500.0,0.910281538963318,0.835336446762085,0.8393306136131287,0.9943355321884156,0.970427632331848,13692.0,2621.0,78.0,86009.0,-0.043627262115478405
cju7dtb1e2j0t0818deq51ib3,0.958396852016449,0.9201170802116394,0.9866734743118286,0.931695818901062,0.9975777864456176,15400.0,208.0,1129.0,85663.0,0.921647608280182,0.8546813130378723,0.9951595664024352,0.8582491278648376,0.999196469783783,14186.0,69.0,2343.0,85802.0,-0.03674924373626698
cju15wdt3zla10801odjiw7sy,0.9745938777923584,0.9504467248916626,0.9845938086509703,0.9647950530052184,0.9970458149909972,16169.0,253.0,590.0,85388.0,0.9392491579055786,0.8854568600654602,0.8973425626754761,0.9852616786956788,0.9779428243637084,16512.0,1889.0,247.0,83752.0,-0.035344719886779785
cju33mirdc8mj0799k33wzoes,0.973037600517273,0.9474909901618958,0.9643884897232056,0.9818432331085204,0.9925761222839355,17088.0,631.0,316.0,84365.0,0.9380340576171876,0.8832995891571045,0.9015046954154968,0.9776487946510316,0.9781283736228944,17015.0,1859.0,389.0,83137.0,-0.03500354290008534
cju0ue769mxii08019zqgdbxn,0.9561122059822084,0.91591477394104,0.9354901909828186,0.9776639342308044,0.996626317501068,4771.0,329.0,109.0,97191.0,0.9261320233345032,0.8624262809753418,0.8706709742546082,0.9891393184661864,0.992647647857666,4827.0,717.0,53.0,96803.0,-0.02998018264770519
cju8chdlqsu620755azjty1tj,0.9364892840385436,0.8805639743804932,0.9942768216133118,0.8850499987602234,0.9993996024131776,9555.0,55.0,1241.0,91549.0,0.9095830321311952,0.8341606855392456,0.901026964187622,0.9183030724525452,0.9881118535995485,9914.0,1089.0,882.0,90515.0,-0.02690625190734841
cjyzk8qieoboa0848ogj51wwm,0.8746866583824158,0.77728271484375,0.994796872138977,0.7804556488990784,0.996326208114624,37856.0,198.0,10649.0,53697.0,0.8487552404403687,0.737250030040741,0.9823272824287416,0.7471600770950317,0.9879024028778076,36241.0,652.0,12264.0,53243.0,-0.02593141794204712
cju7dvl5m2n4t0755hlnnjjet,0.9567092061042786,0.917011022567749,0.977247714996338,0.9370161890983582,0.9993772506713868,2663.0,62.0,179.0,99496.0,0.9338110089302064,0.8758400082588196,0.906291365623474,0.9630541801452636,0.9971574544906616,2737.0,283.0,105.0,99275.0,-0.022898197174072155
cju8ceacrsqkr0755hdz145es,0.9776017665863036,0.9561849236488342,0.9712318778038024,0.9840558171272278,0.9988108277320862,3950.0,117.0,64.0,98269.0,0.9552420377731324,0.9143189787864684,0.9332224130630492,0.9783258438110352,0.9971439242362976,3927.0,281.0,87.0,98105.0,-0.022359728813171165
cju160wshltz10993i1gmqxbe,0.9089037775993348,0.8330188393592834,0.847951352596283,0.9792975783348083,0.9952354431152344,2649.0,475.0,56.0,99220.0,0.8872427940368652,0.7973372936248779,0.7997032403945923,0.996303141117096,0.993229329586029,2695.0,675.0,10.0,99020.0,-0.021660983562469593
cju33jon3ygbj0993pu22a4k6,0.957427144050598,0.9183310866355896,0.9332430958747864,0.9828978776931764,0.9969854354858398,4138.0,296.0,72.0,97894.0,0.9374012351036072,0.882178008556366,0.959920346736908,0.9159144759178162,0.9983603358268738,3856.0,161.0,354.0,98029.0,-0.020025908946990856
cju87mrypnb1e0818scv1mxxg,0.9350978136062622,0.8781067728996277,0.9004876017570496,0.9724748730659484,0.995428740978241,4063.0,449.0,115.0,97773.0,0.920366108417511,0.852479875087738,0.8816308379173279,0.9626615643501282,0.9945022463798524,4022.0,540.0,156.0,97682.0,-0.01473170518875122
cju7ea4om2l910801bohqjccy,0.9780553579330444,0.9570531249046326,0.977461874485016,0.9786495566368104,0.9986547827720642,5638.0,130.0,123.0,96509.0,0.9638301730155944,0.9301854968070984,0.970272660255432,0.9574726819992064,0.99825119972229,5516.0,169.0,245.0,96470.0,-0.014225184917450062
cju8dic9mtppa0987swn23wbc,0.984508454799652,0.9694895148277284,0.9792572259902954,0.9898163080215454,0.9932135343551636,24785.0,525.0,255.0,76835.0,0.9715821146965028,0.944734752178192,0.9545647501945496,0.9892172813415528,0.9847595691680908,24770.0,1179.0,270.0,76181.0,-0.012926340103149192
cju7dsrtb2f8i085064kwugfk,0.9666588306427002,0.9354691505432128,0.9759724140167236,0.9575213193893432,0.9978471994400024,8205.0,202.0,364.0,93629.0,0.9564198851585388,0.9164795875549316,0.9601317048072816,0.9527366161346436,0.9963871240615844,8164.0,339.0,405.0,93492.0,-0.010238945484161377
cju87tyddnnad0755bj0wxahe,0.9873867034912108,0.975087583065033,0.9875362515449524,0.9872371554374696,0.989745795726776,45638.0,576.0,590.0,55596.0,0.9776726961135864,0.9563207030296326,0.9626569747924804,0.9931643009185792,0.9682937860488892,45912.0,1781.0,316.0,54391.0,-0.0097140073776244
cju8dn0c3u2v50801k8rvq02f,0.977691888809204,0.9563573598861694,0.9717578291893004,0.983698844909668,0.986919105052948,31621.0,919.0,524.0,69336.0,0.9689086079597472,0.939692199230194,0.9787341952323914,0.9592782855033876,0.9904633164405824,30836.0,670.0,1309.0,69585.0,-0.008783280849456787
cju33o12x2jm50988944mxq0v,0.9576783776283264,0.9187934994697572,0.9934148788452148,0.9244236946105956,0.9997878074645996,3168.0,21.0,259.0,98952.0,0.9492170214653016,0.903342604637146,0.9521432518959044,0.946308732032776,0.9983530640602112,3243.0,163.0,184.0,98810.0,-0.008461356163024791
cju8cgi2kspp308011nxdtjp6,0.9497405886650084,0.9042914509773254,0.9307276606559752,0.9695464968681335,0.9978063702583312,2929.0,218.0,92.0,99161.0,0.9432035684585572,0.8925120830535889,0.9103788137435912,0.9784839749336244,0.9970718026161194,2956.0,291.0,65.0,99088.0,-0.006537020206451194
cju8chxndsre008015uisl4si,0.9500760436058044,0.9048998951911926,0.9708874821662904,0.930138111114502,0.9989565014839172,3435.0,103.0,258.0,98604.0,0.945469319820404,0.896578311920166,0.9472683072090148,0.9436772465705872,0.9980345964431764,3485.0,194.0,208.0,98513.0,-0.004606723785400391
cju334jzo261t0835yqudnfs1,0.981184184551239,0.9630632996559144,0.9717944860458374,0.9907570481300354,0.9928250908851624,20259.0,588.0,189.0,81364.0,0.9768070578575134,0.9546655416488647,0.9642636179924012,0.9896811246871948,0.9908483028411864,20237.0,750.0,211.0,81202.0,-0.004377126693725586
cju33w4sdcivk0855x879zht7,0.9784740805625916,0.9578553438186646,0.9637435674667358,0.993661880493164,0.9969472289085388,7682.0,289.0,49.0,94380.0,0.974215030670166,0.9497263431549072,0.9833948612213136,0.9652050137519836,0.9986690282821656,7462.0,126.0,269.0,94543.0,-0.004259049892425537
cju8828oxnool0801qno9luhr,0.9710201621055604,0.9436726570129396,0.9906328320503236,0.9521690011024476,0.99787575006485,18613.0,176.0,935.0,82676.0,0.9675095677375792,0.937063992023468,0.9802079200744628,0.9551360607147216,0.995449721813202,18671.0,377.0,877.0,82475.0,-0.003510594367981179
cju8cj10qsrau0871o2dr6ai1,0.9758325219154358,0.9528055787086488,0.9969853758811952,0.9555585980415344,0.999779224395752,6945.0,21.0,323.0,95111.0,0.9727373123168944,0.946921706199646,0.9784242510795592,0.967116117477417,0.9983707070350648,7029.0,155.0,239.0,94977.0,-0.003095209598541371
cju16ach3m1da0993r1dq3sn2,0.9838910102844238,0.968292772769928,0.9810956716537476,0.9867023229599,0.9930893778800964,26935.0,519.0,363.0,74583.0,0.9810605645179749,0.9628251194953918,0.976379692554474,0.985786497592926,0.9913318157196044,26910.0,651.0,388.0,74451.0,-0.0028304457664489746
cju8d2q30tfhs0801n7lx77xl,0.9804847240447998,0.9617165327072144,0.9808235168457032,0.9801461696624756,0.996083438396454,17032.0,333.0,345.0,84690.0,0.9781606197357178,0.9572547674179076,0.9860250353813172,0.9704206585884094,0.9971889853477478,16863.0,239.0,514.0,84784.0,-0.0023241043090820312
cju330ofbc2l30801th5g3hw6,0.9742832779884338,0.9498560428619384,0.9768072962760924,0.9717721939086914,0.9990440011024476,3959.0,94.0,115.0,98232.0,0.9720296859741212,0.9455814957618712,0.9802795648574828,0.9639175534248352,0.9991965293884276,3927.0,79.0,147.0,98247.0,-0.002253592014312633
cju7dp3dw2k4n0755zhe003ad,0.9666969180107116,0.9355405569076538,0.9763033390045166,0.957277774810791,0.9983808398246764,6386.0,155.0,285.0,95574.0,0.9646736979484558,0.9317581653594972,0.9779728651046752,0.9517313838005066,0.9985061883926392,6349.0,143.0,322.0,95586.0,-0.0020232200622557484
cjyzl833ndne80838pzuq6ila,0.9711255431175232,0.943871796131134,0.9783388376235962,0.9640178680419922,0.996656596660614,13369.0,296.0,499.0,88236.0,0.9691388607025146,0.9401255249977112,0.9558843970298768,0.982766091823578,0.992895245552063,13629.0,629.0,239.0,87903.0,-0.001986682415008545
cju87z6o6nh73085045bzsx6o,0.987649142742157,0.9755997061729432,0.988639235496521,0.98666113615036,0.998495638370514,11835.0,136.0,160.0,90269.0,0.9857776165008544,0.971954107284546,0.9892536401748656,0.9823259711265564,0.9985841512680054,11783.0,128.0,212.0,90277.0,-0.0018715262413026013
cjz14qsk2wci60794un9ozwmw,0.9705219268798828,0.942732036113739,0.9444819688796996,0.9980385303497314,0.9927838444709778,11194.0,658.0,22.0,90526.0,0.9696758985519408,0.9411367774009703,0.9456024169921876,0.9950071573257446,0.9929593205451964,11160.0,642.0,56.0,90542.0,-0.0008460283279420056
cju32srle1xfq083575i3fl75,0.9643566012382508,0.931166648864746,0.9937826991081238,0.9366229772567748,0.999603807926178,6074.0,38.0,411.0,95877.0,0.963539183139801,0.92964369058609,0.9823746085166932,0.9454125165939332,0.9988531470298768,6131.0,110.0,354.0,95805.0,-0.000817418098449818
ck2bxlujamu330725szlc2jdu,0.9236986041069032,0.8582155704498291,0.8606866002082825,0.9966658353805542,0.9936142563819884,3886.0,629.0,13.0,97872.0,0.9255192279815674,0.8613641262054443,0.8655949831008911,0.9943575263023376,0.9938883781433104,3877.0,602.0,22.0,97899.0,0.0018206238746641956
ck2bxknhjvs1x0794iogrq49k,0.887290358543396,0.7974140644073486,0.8391298055648804,0.9413157105445862,0.9754736423492432,11533.0,2211.0,719.0,87937.0,0.889350414276123,0.8007479906082153,0.8409338593482971,0.9436826705932616,0.9757398962974548,11562.0,2187.0,690.0,87961.0,0.0020600557327270508
ck2bxiswtxuw80838qkisqjwz,0.4599710404872894,0.2986768782138824,0.9683755040168762,0.3016188442707062,0.9921920299530028,13657.0,446.0,31622.0,56675.0,0.4623446464538574,0.3006815910339355,0.965149700641632,0.3039819896221161,0.9912991523742676,13764.0,497.0,31515.0,56624.0,0.0023736059665680487
cju87zv8lni0o0850hbbecbq6,0.933783769607544,0.8757921457290649,0.9225634336471558,0.9452804327011108,0.9988507628440856,1382.0,116.0,80.0,100822.0,0.9375848174095154,0.8825032114982605,0.9300134778022766,0.9452804327011108,0.9989696741104126,1382.0,104.0,80.0,100834.0,0.0038010478019714355
cju33qpdvc9g0087825jhf3s9,0.9263424277305604,0.8627912998199463,0.905219793319702,0.9484744071960448,0.996512532234192,3295.0,345.0,179.0,98581.0,0.9306383728981018,0.8702746629714966,0.9403467774391174,0.9211283922195436,0.9979479908943176,3200.0,203.0,274.0,98723.0,0.004295945167541393
ck2da7fwcjfis07218r1rvm95,0.9429020285606384,0.8919722437858582,0.9456264972686768,0.940193235874176,0.9979000091552734,3600.0,207.0,229.0,98364.0,0.9487540125846864,0.90250426530838,0.9289289116859436,0.9694437384605408,0.9971188306808472,3712.0,284.0,117.0,98287.0,0.005851984024047963
cjyzlw7f9faqr070129au64sq,0.928647518157959,0.8667991757392883,0.8703384399414062,0.9953305125236512,0.9845951795578004,9592.0,1429.0,45.0,91334.0,0.9347075819969176,0.8774187564849854,0.8906117677688599,0.9833973050117492,0.9874519109725952,9477.0,1164.0,160.0,91599.0,0.006060063838958629
cju8dm2cau2km0818jsv9eeq2,0.9724589586257936,0.9463943243026732,0.9972766637802124,0.9488465189933776,0.9996572136878968,11352.0,31.0,612.0,90405.0,0.980972170829773,0.962654948234558,0.9752188920974731,0.9867936968803406,0.9966827630996704,11806.0,300.0,158.0,90136.0,0.008513212203979381
cju85rkbnlo1c08503uxcpax1,0.9675793647766112,0.9371948838233948,0.958648920059204,0.9766777157783508,0.9913198351860046,17086.0,737.0,408.0,84169.0,0.976148247718811,0.9534078240394592,0.97676283121109,0.9755344986915588,0.9952182173728944,17066.0,406.0,428.0,84500.0,0.008568882942199818
cju15czxqp3lv0835jvhgzurz,0.960315465927124,0.923660397529602,0.9717046618461608,0.9491901397705078,0.9896148443222046,26546.0,773.0,1421.0,73660.0,0.9689383506774902,0.939748227596283,0.9663880467414856,0.971502125263214,0.9873040318489076,27170.0,945.0,797.0,73488.0,0.008622884750366211
cju336l68y7if0993wf092166,0.935593843460083,0.8789820075035095,0.9942618012428284,0.8834636807441711,0.9985111951828004,20446.0,118.0,2697.0,79139.0,0.9452638030052184,0.8962087035179138,0.9406529664993286,0.9499200582504272,0.9824999570846558,21984.0,1387.0,1159.0,77870.0,0.009669959545135387
cju85omszllp30850b6rm9mi3,0.9643539190292358,0.931161642074585,0.961065709590912,0.9676646590232848,0.9945368766784668,12120.0,491.0,405.0,89384.0,0.9740542769432068,0.9494208693504332,0.9665880799293518,0.9816367030143738,0.9952712059020996,12295.0,425.0,230.0,89450.0,0.009700357913970947
cju8dk7eztzup08182yxko5zh,0.9578551054000854,0.9191189408302308,0.9884403944015504,0.929105818271637,0.999369740486145,5216.0,61.0,398.0,96725.0,0.9691453576087952,0.94013774394989,0.9908803105354308,0.9483434557914734,0.9994937181472778,5324.0,49.0,290.0,96737.0,0.011290252208709717
cju0s690hkp960855tjuaqvv0,0.9495387673377992,0.903925597667694,0.9689922332763672,0.9308510422706604,0.9988645315170288,3500.0,112.0,260.0,98528.0,0.9608522057533264,0.9246540069580078,0.9621333479881288,0.9595744609832764,0.9985604286193848,3608.0,142.0,152.0,98498.0,0.011313438415527233
cjyzjzssvd8pq0838f4nolj5l,0.7798430323600769,0.6391333937644958,0.7580299973487854,0.8029486536979675,0.990856945514679,2832.0,904.0,695.0,97969.0,0.7923973202705383,0.6561738848686218,0.6592620611190796,0.9929118156433104,0.981693685054779,3502.0,1810.0,25.0,97063.0,0.012554287910461426
cju8d4jgatgpj0871q2ophhkm,0.9718673229217528,0.945274293422699,0.9597960114479064,0.9842461347579956,0.992970049381256,14682.0,615.0,235.0,86868.0,0.9849963188171388,0.970436155796051,0.9885880351066588,0.9814305901527404,0.9980682134628296,14640.0,169.0,277.0,87314.0,0.013128995895385964
cjyzu9th0qt4r0a46pyl4zik0,0.8500832915306091,0.7392563819885254,0.7994778156280518,0.9075281620025636,0.9839417934417723,6124.0,1536.0,624.0,94116.0,0.8639945387840271,0.7605549097061157,0.8034917712211609,0.9343509078025818,0.9838790893554688,6305.0,1542.0,443.0,94110.0,0.013911247253417969
cju3381d8bz3h07991xtl7ra0,0.8951073288917542,0.8101305961608887,0.8162413835525513,0.9908435344696044,0.9882282614707948,5086.0,1145.0,47.0,96122.0,0.9092409014701844,0.8335855007171631,0.8587012887001038,0.9661017060279846,0.9916107058525084,4959.0,816.0,174.0,96451.0,0.014133572578430287
cju8djdqztu6408506pzhlo18,0.931190550327301,0.8712409734725952,0.872486412525177,0.9983642101287842,0.9856483936309814,9155.0,1338.0,15.0,91892.0,0.9477066397666932,0.9006107449531555,0.9030123353004456,0.9970555901527404,0.989466905593872,9143.0,982.0,27.0,92248.0,0.0165160894393922
cju0t4oil7vzk099370nun5h9,0.9595839381217957,0.9223079085350036,0.9815165400505066,0.9386100769042968,0.9909031987190248,32658.0,615.0,2136.0,66991.0,0.9761200547218324,0.953354001045227,0.9707512855529784,0.981548547744751,0.9847794771194458,34152.0,1029.0,642.0,66577.0,0.016536116600036732
cjyzurzvohqnr0794es1itzek,0.95078843832016,0.9061933159828186,0.9121514558792114,0.9928433895111084,0.983472466468811,14983.0,1443.0,108.0,85866.0,0.9674512147903442,0.9369544982910156,0.9470643997192384,0.988735020160675,0.9904477000236512,14921.0,834.0,170.0,86475.0,0.016662776470184215
cju13cgqmnhwn0988yrainhcp,0.9050655364990234,0.8265933990478516,0.8324766159057617,0.9915227890014648,0.9716484546661376,12632.0,2542.0,108.0,87118.0,0.9220163226127625,0.8553156852722168,0.8612019419670105,0.9920722246170044,0.977280855178833,12639.0,2037.0,101.0,87623.0,0.016950786113739014
cju33belnbyhm0878yxl42233,0.9281045794487,0.8658536672592163,0.9801851511001588,0.8812792301177979,0.9987232089042664,6035.0,122.0,813.0,95430.0,0.9456104636192322,0.8968321681022644,0.9751745462417604,0.9177862405776978,0.998325526714325,6285.0,160.0,563.0,95392.0,0.017505884170532227
ck2bxpfgxu2mk0748gsh7xelu,0.66766756772995,0.5011268854141235,0.8413087129592896,0.5534406900405884,0.9925395250320436,3780.0,713.0,3050.0,94857.0,0.686200737953186,0.5223025679588318,0.8842955827713013,0.5606149435043335,0.9947577714920044,3829.0,501.0,3001.0,95069.0,0.018533170223236084
cju16d65tzw9d0799ouslsw25,0.9429590106010436,0.8920742273330688,0.8961039185523987,0.9949843287467957,0.9943451285362244,4761.0,552.0,24.0,97063.0,0.9615578651428224,0.9259619116783142,0.929574728012085,0.9958202838897704,0.996301770210266,4765.0,361.0,20.0,97254.0,0.018598854541778786
cju16jgnyzp970878melv7r25,0.9382755160331726,0.8837279081344604,0.8928247094154358,0.988602101802826,0.9843480587005616,11796.0,1416.0,136.0,89052.0,0.9579290747642516,0.9192551374435424,0.921747863292694,0.9970667362213136,0.9888358116149902,11897.0,1010.0,35.0,89458.0,0.01965355873107899
cjyzul1qggwwj07216mhiv5sy,0.8843201994895935,0.792629063129425,0.792629063129425,1.0,0.9875068068504332,4667.0,1221.0,0.0,96512.0,0.9040697813034058,0.8249337077140808,0.8252255320549011,0.9995714426040648,0.9898908138275146,4665.0,988.0,2.0,96745.0,0.019749581813812256
cjyztzaqtrv430848l8xgcerw,0.9222214221954346,0.8556686639785767,0.9189590215682985,0.9255070090293884,0.980104684829712,18574.0,1638.0,1495.0,80693.0,0.9439045190811156,0.8937681317329407,0.8962504863739014,0.9969106316566468,0.9718696475028992,20007.0,2316.0,62.0,80015.0,0.02168309688568104
cju7dz5yy2i7z0801ausi7rna,0.9298973083496094,0.8689794540405273,0.9892638325691224,0.8772526383399963,0.9997184872627258,2580.0,28.0,361.0,99431.0,0.9528460502624512,0.9099388718605042,0.9439439177513124,0.9619176983833312,0.9983108639717102,2829.0,168.0,112.0,99291.0,0.022948741912841797
cju87r56lnkyp0755hz30leew,0.9421088695526124,0.8905537128448486,0.9986146688461304,0.8916553258895874,0.9994497299194336,28113.0,39.0,3416.0,70832.0,0.9652215242385864,0.9327808022499084,0.997159481048584,0.9352659583091736,0.9988147616386414,29488.0,84.0,2041.0,70787.0,0.02311265468597401
cju87xn2snfmv0987sc3d9xnq,0.8875853419303894,0.7978907227516174,0.9313489198684692,0.8477500677108765,0.987677276134491,14299.0,1054.0,2568.0,84479.0,0.9143562316894532,0.8422249555587769,0.9807183146476746,0.8564059734344482,0.996679663658142,14445.0,284.0,2422.0,85249.0,0.02677088975906383
cjyzu3reghjya0794w7pwoi50,0.907328724861145,0.8303766250610352,0.8912212252616882,0.9240291118621826,0.9845179915428162,11421.0,1394.0,939.0,88646.0,0.9341358542442322,0.8764117956161499,0.8877149224281311,0.9856796264648438,0.9828853607177734,12183.0,1541.0,177.0,88499.0,0.026807129383087158
cju14g8o4xui30878gkgbrvqj,0.8910990953445435,0.8035877346992493,0.8035877346992493,1.0,0.9935242533683776,2643.0,646.0,0.0,99111.0,0.9206902384757996,0.8530361652374268,0.8535875678062439,0.9992432594299316,0.995458960533142,2641.0,453.0,2.0,99304.0,0.029591143131256104
cju8cwy02t9eq08185qn12c02,0.8704259991645813,0.7705789804458618,0.9912322759628296,0.7758672833442688,0.998979151248932,10288.0,91.0,2972.0,89049.0,0.905053973197937,0.8265740275382996,0.9884780049324036,0.8346154093742371,0.9985528588294984,11067.0,129.0,2193.0,89011.0,0.03462797403335571
cju0vtox5ain6099360pu62rp,0.7974660992622375,0.6631548404693604,0.6656874418258667,0.9942957162857056,0.9767380356788636,4532.0,2276.0,26.0,95566.0,0.8350297808647156,0.7167820930480957,0.7173467874526978,0.9989030361175536,0.9816642999649048,4553.0,1794.0,5.0,96048.0,0.03756368160247803
cju7dxffn2eam0817qxosfwch,0.6225979924201965,0.4520089328289032,0.9937431216239928,0.4532990157604217,0.9993966817855836,8100.0,51.0,9769.0,84480.0,0.6704549789428711,0.5042739510536194,0.9719387888908386,0.5117242336273193,0.996876895427704,9144.0,264.0,8725.0,84267.0,0.04785698652267456
cju14hjh2ob2o0835ouz3r5aa,0.8953529000282288,0.8105329871177673,0.89545738697052,0.8952484726905823,0.984990119934082,11512.0,1344.0,1347.0,88197.0,0.9442951083183287,0.8944687843322754,0.9081507921218872,0.9834357500076294,0.9857160449028016,12646.0,1279.0,213.0,88262.0,0.04894220829009999
cju0u82z3cuma0835wlxrnrjv,0.9084500074386596,0.8322568535804749,0.925773859024048,0.8917625546455383,0.9765539169311525,22550.0,1808.0,2737.0,75305.0,0.9577080011367798,0.9188480973243712,0.9326213002204896,0.984181582927704,0.9766835570335388,24887.0,1798.0,400.0,75315.0,0.04925799369812023
cju13fwthn9mq0835gacxgy01,0.8975281119346619,0.814105212688446,0.9688623547554016,0.8359777331352234,0.9956812262535096,11855.0,381.0,2326.0,87838.0,0.961929202079773,0.9266508221626282,0.934037446975708,0.9915379881858826,0.9887439012527466,14061.0,993.0,120.0,87226.0,0.06440109014511108
cju0u2g7pmnux0801vkk47ivj,0.8957047462463379,0.8111097812652588,0.8698703646659851,0.923120617866516,0.9429316520690918,27641.0,4135.0,2302.0,68322.0,0.9649358987808228,0.9322474598884584,0.9844673275947572,0.94616436958313,0.9938308000564576,28331.0,447.0,1612.0,72010.0,0.06923115253448486
cju8czvnztbf40871b4m7t78w,0.8782851696014404,0.7829843163490295,0.813337504863739,0.9545055627822876,0.966245174407959,13050.0,2995.0,622.0,85733.0,0.951477587223053,0.9074461460113524,0.9842845797538756,0.9207870364189148,0.9977346658706664,12589.0,201.0,1083.0,88527.0,0.07319241762161255
cju0sr5ghl0nd08789uzf1raf,0.874435305595398,0.7768858671188354,0.8008031249046326,0.9629791975021362,0.963102400302887,13162.0,3274.0,506.0,85458.0,0.9482831358909608,0.9016525149345398,0.9133234024047852,0.9860257506370544,0.9855858087539672,13477.0,1279.0,191.0,87453.0,0.07384783029556286
cju8dpa89u6l80818dj6lldh9,0.6236101388931274,0.4530766308307647,0.5052530169487,0.8143815398216248,0.8919003009796143,9955.0,9748.0,2269.0,80428.0,0.7004843950271606,0.5390349626541138,0.5462661981582642,0.9760307669639589,0.890103816986084,11931.0,9910.0,293.0,80266.0,0.0768742561340332
cju7ecl9i2i060987xawjp4l0,0.8667603731155396,0.7648518085479736,0.9963380098342896,0.7670080065727234,0.9991313219070436,18501.0,68.0,5620.0,78211.0,0.9508679509162904,0.9063376784324646,0.9947919249534608,0.9106587767601012,0.998530924320221,21966.0,115.0,2155.0,78164.0,0.08410757780075084
ck2395w2mb4vu07480otsu6tw,0.8747186064720154,0.7773332595825195,0.791382908821106,0.977671205997467,0.9634482264518738,12435.0,3278.0,284.0,86403.0,0.9590922594070436,0.92139995098114,0.926941990852356,0.9935529232025146,0.988893985748291,12637.0,996.0,82.0,88685.0,0.08437365293502819
cju884985nlmx0817vzpax3y4,0.8090178966522217,0.6792863607406616,0.7856064438819885,0.8338675498962402,0.9957623481750488,1561.0,426.0,311.0,100102.0,0.8963145017623901,0.812110424041748,0.8298453092575073,0.9743589758872986,0.9962796568870544,1824.0,374.0,48.0,100154.0,0.08729660511016846
cju33x0f22peh0988g0ln7w5v,0.870474636554718,0.7706552743911743,0.9643493890762328,0.7932551503181458,0.9991973638534546,2164.0,80.0,564.0,99592.0,0.9588161706924438,0.9208903908729552,0.9333564639091492,0.9857038259506226,0.9980736970901488,2689.0,192.0,39.0,99480.0,0.08834153413772583
ck2bxqz3evvg20794iiyv5v2m,0.1618588715791702,0.0880557373166084,0.1978376656770706,0.1369526386260986,0.9468046426773072,1226.0,4971.0,7726.0,88477.0,0.2655221819877624,0.15308478474617,0.908023476600647,0.1554959714412689,0.9984911680221558,1392.0,141.0,7560.0,93307.0,0.1036633104085922
cju7ebe962hr409872ovibahw,0.851871132850647,0.7419646978378296,0.9850330352783204,0.7504248023033142,0.9911568760871888,33565.0,510.0,11163.0,57162.0,0.9613451957702636,0.925567626953125,0.97328382730484,0.9496959447860718,0.979782223701477,42478.0,1166.0,2250.0,56506.0,0.10947406291961659
cju15ptjtppz40988odsm9azx,0.6781398057937622,0.513019323348999,0.5134086608886719,0.9985238909721376,0.9400849342346193,6088.0,5770.0,9.0,90533.0,0.7891844511032104,0.6517792344093323,0.7132450342178345,0.8832212686538696,0.9775188565254213,5385.0,2165.0,712.0,94138.0,0.11104464530944824
cju8dqkrqu83i0818ev74qpxq,0.844533383846283,0.7309024930000305,0.9906317591667176,0.7359896302223206,0.9897189140319824,44941.0,425.0,16121.0,40913.0,0.9582457542419434,0.9198386073112488,0.9886618852615356,0.929645299911499,0.9842517971992492,56766.0,651.0,4296.0,40687.0,0.1137123703956604
cju7dymur2od30755eg8yv2ht,0.8048620820045471,0.6734470129013062,0.9796751737594604,0.6829895377159119,0.9976819157600404,9833.0,204.0,4564.0,87799.0,0.921147644519806,0.8538217544555664,0.9920647740364076,0.8596929907798767,0.9988750219345092,12377.0,99.0,2020.0,87904.0,0.1162855625152589
cju87q6yoneim0871dl4phvkd,0.837395191192627,0.7202750444412231,0.9841723442077636,0.7287161946296692,0.9959182739257812,19276.0,310.0,7176.0,75638.0,0.9571765065193176,0.9178701043128968,0.9781390428543092,0.9370936155319214,0.9927055239677428,24788.0,554.0,1664.0,75394.0,0.11978131532669067
cju33eqwbcch208012jikwdky,0.7999293208122253,0.6665684580802917,0.6898373961448669,0.951833426952362,0.930744171142578,13576.0,6104.0,687.0,82033.0,0.9263585209846495,0.862819254398346,0.8816189765930176,0.9758816361427308,0.9787943959236144,13919.0,1869.0,344.0,86268.0,0.1264292001724242
cju7druhp2gp308715i6km7be,0.6945436596870422,0.5320312976837158,0.9932832717895508,0.5339522957801819,0.9982863664627076,17598.0,119.0,15360.0,69323.0,0.8259214162826538,0.7034635543823242,0.9789977073669434,0.7142423987388611,0.992727756500244,23540.0,505.0,9418.0,68937.0,0.13137775659561157
cju32qr9tbvsj08013pkpjenq,0.6029599905014038,0.4315982162952423,0.438130646944046,0.9666081070899964,0.911438524723053,6600.0,8464.0,228.0,87108.0,0.7347539663314819,0.5807201862335205,0.5851054787635803,0.9872583746910096,0.9499853253364564,6741.0,4780.0,87.0,90792.0,0.13179397583007812
cjyzufihqquiw0a46jatrbwln,0.8203219175338745,0.695377767086029,0.9947649240493774,0.6979318261146545,0.9975903034210204,28313.0,149.0,12254.0,61684.0,0.952272355556488,0.9088930487632751,0.9099954962730408,0.9986688494682312,0.9351963996887208,40513.0,4007.0,54.0,57826.0,0.13195043802261353
cju85qefyln6v0850szeb9byi,0.8216950297355652,0.6973534226417542,0.991537630558014,0.7015286684036255,0.996278703212738,27535.0,235.0,11715.0,62915.0,0.9557896256446838,0.9153228998184204,0.993051528930664,0.9212229251861572,0.995993673801422,36158.0,253.0,3092.0,62897.0,0.13409459590911865
cju87nkyrnb970801q84m47yt,0.7957165241241455,0.6607385873794556,0.9716923236846924,0.6737066507339478,0.9980220198631288,6316.0,184.0,3059.0,92841.0,0.946631669998169,0.8986710906028748,0.914578378200531,0.9810133576393129,0.9907659292221068,9197.0,859.0,178.0,92166.0,0.15091514587402344
cju87vqa0ndwg0850onjdz7ol,0.6760498881340027,0.5106309056282043,0.9950113892555236,0.5119415521621704,0.9947067499160768,35304.0,177.0,33657.0,33262.0,0.8385012745857239,0.72191321849823,0.9878461360931396,0.7283827066421509,0.981518566608429,50230.0,618.0,18731.0,32821.0,0.1624513864517212
cju7eea9b2m0z0801ynqv1fqu,0.4351870715618133,0.2781080305576324,0.9953746795654296,0.2784679234027862,0.9998348355293274,3228.0,15.0,8364.0,90793.0,0.6047077775001526,0.4333915114402771,0.922029674053192,0.4498792290687561,0.9951435923576356,5215.0,441.0,6377.0,90367.0,0.1695207059383393
cju7dwe282dc309876rco45ts,0.6465532183647156,0.4777086079120636,0.8545949459075928,0.5199717879295349,0.9586408734321594,16962.0,2886.0,15659.0,66893.0,0.8228932023048401,0.6990811824798584,0.9758620858192444,0.7113822102546692,0.9917740225791932,23206.0,574.0,9415.0,69205.0,0.1763399839401245
cju85nr8elly209872w9n5m0s,0.7681411504745483,0.6235626339912415,0.6274868249893188,0.9900704622268676,0.961832880973816,6182.0,3670.0,62.0,92486.0,0.9503569602966307,0.9054096937179564,0.986556351184845,0.9167200326919556,0.9991888403892516,5724.0,78.0,520.0,96078.0,0.1822158098220824
cju16whaj0e7n0855q7b6cjkm,0.1081523075699806,0.0571675561368465,0.998031497001648,0.0571740046143531,0.9999604225158693,1521.0,3.0,25082.0,75794.0,0.2992542386054992,0.1759547144174575,0.7139211893081665,0.1893019527196884,0.9733762741088868,5036.0,2018.0,21567.0,73779.0,0.19110193103551862
cjyzuio1qgh040763k56deohv,0.6926829218864441,0.5298507213592529,0.5298507213592529,1.0,0.9887858033180236,1278.0,1134.0,0.0,99988.0,0.8844290375709534,0.792803943157196,0.792803943157196,1.0,0.9966970682144164,1278.0,334.0,0.0,100788.0,0.19174611568450928
cju87ox0kncom0801b98hqnd2,0.7267765998840332,0.5708162188529968,0.5857234597206116,0.9573161602020264,0.9527699947357178,6392.0,4521.0,285.0,91202.0,0.9687070846557616,0.9393131732940674,0.9877042770385742,0.9504268169403076,0.99917471408844,6346.0,79.0,331.0,95644.0,0.2419304847717284
cju15mhjczc8z0801kit5c6di,0.6444142460823059,0.4753769636154175,0.8164944052696228,0.532241702079773,0.9813652634620668,7346.0,1651.0,6456.0,86947.0,0.8943723440170288,0.8089272379875183,0.9362174272537231,0.8561078310012817,0.990913987159729,11816.0,805.0,1986.0,87793.0,0.2499580979347229
cju7dqcwi2dz00850gcmr2ert,0.6823874115943909,0.5178968906402588,0.5179449319839478,0.9998210072517396,0.9463094472885132,5585.0,5198.0,1.0,91616.0,0.9507121443748474,0.9060546159744264,0.9179863333702089,0.9858574867248536,0.9949181079864502,5507.0,492.0,79.0,96322.0,0.26832473278045654
cju8doa16u5gh0818w1ywda3q,0.609799861907959,0.438641756772995,0.9953767657279968,0.4395372569561004,0.994814157485962,32295.0,150.0,41180.0,28775.0,0.8902716636657715,0.8022429347038269,0.998477339744568,0.803225576877594,0.9968885183334352,59017.0,90.0,14458.0,28835.0,0.2804718017578125
cju16fpvhzypl0799p9phnlx6,0.6195623874664307,0.4488159418106079,0.4504149556159973,0.9921521544456482,0.8568074107170105,10746.0,13112.0,85.0,78457.0,0.9202153086662292,0.8522210717201233,0.862191379070282,0.9866124987602234,0.981347382068634,10686.0,1708.0,145.0,89861.0,0.3006529211997986
cju15jr8jz8sb0855ukmkswkz,0.6723657250404358,0.5064389705657959,0.9880701303482056,0.5095547437667847,0.997180163860321,16399.0,198.0,15784.0,70019.0,0.975794553756714,0.9527331590652466,0.9873405694961548,0.9645154476165771,0.9943318367004396,31041.0,398.0,1142.0,69819.0,0.3034288287162782
cju0sxqiclckk08551ycbwhno,0.270280659198761,0.1562569439411163,0.9577656388282776,0.1573410928249359,0.999683439731598,703.0,31.0,3765.0,97901.0,0.6059076189994812,0.4346251785755157,0.4357766509056091,0.9939570426940918,0.9412857890129088,4441.0,5750.0,27.0,92182.0,0.3356269598007202
cju14pxbaoksp0835qzorx6g6,0.6107147336006165,0.4395891427993774,0.4423041641712188,0.9862285256385804,0.9040666222572328,7233.0,9120.0,101.0,85946.0,0.9687082171440125,0.939315378665924,0.9504067301750184,0.9877284169197084,0.9960238337516784,7244.0,378.0,90.0,94688.0,0.357993483543396
cju15l5ubz9yh0855b3ivdpse,0.4846938848495483,0.3198653161525726,1.0,0.3198653161525726,1.0,1140.0,0.0,2424.0,98836.0,0.8607842922210693,0.7555937767028809,0.8593400716781616,0.8622334599494934,0.9949107766151428,3073.0,503.0,491.0,98333.0,0.37609040737152105
cju33231uy4gi0993qc7b1jch,0.4943193793296814,0.3283029496669769,0.3293746709823608,0.9901861548423768,0.8765156865119934,5852.0,11915.0,58.0,84575.0,0.9170984625816344,0.8468899726867676,0.8792300820350647,0.9583756327629088,0.991936981678009,5664.0,778.0,246.0,95712.0,0.422779083251953
cju0tl3uz8blh0993wxvn7ly3,0.3291904628276825,0.1970245242118835,0.2004909962415695,0.9193245768547058,0.9808181524276732,490.0,1954.0,43.0,99913.0,0.8351107239723206,0.716901421546936,0.7419825196266174,0.9549718499183656,0.9982624650001526,509.0,177.0,24.0,101690.0,0.5059202611446381
cju87li0zn3yb0817kbwgjiz8,0.3009058237075805,0.1770977973937988,1.0,0.1770977973937988,1.0,11477.0,0.0,53329.0,37594.0,0.959722340106964,0.92256361246109,0.9552549123764038,0.9642317295074464,0.9221418499946594,62488.0,2927.0,2318.0,34667.0,0.6588165163993835
cju13hp5rnbjx0835bf0jowgx,9.168423832639494e-12,9.168423832639494e-12,1.0,9.168423832639494e-12,1.0,0.0,0.0,10907.0,91493.0,0.863531231880188,0.7598371505737305,0.9826859831809998,0.7701476216316223,0.9983823895454408,8400.0,148.0,2507.0,91345.0,0.8635312318710195
